AS type,GeneID,geneSymbol,chr,strand,exonStart_0base,exonEnd,Coordinates,firstFlankingES,firstFlankingEE,secondFlankingES,secondFlankingEE,IC_KD,SC_KD,IC_CTRL,SC_CTRL,IncFormLen,SkipFormLen,P-Value,FDR,PSI_KD,PSI_CTRL,meanDeltaPSI,UCSC_link,Unnamed: 24,AS ID,PTMs,Number of PTMs Affected,Number of Unique PTM Sites by Position,Event Length,PTM Density (PTMs/bp)
SE,ENSG00000008294,SPAG9,17,-,49053223,49053262,chr17:49053223-49053262,49052131,49052308,49054468,49054582,"32,41,35","116,145,116","8,9,11","156,299,296",64,86,0,0.0,"0.27,0.275,0.288","0.064,0.039,0.048",0.227,http://genome.ucsc.edu/cgi-bin/hgTracks?db=hg19&position=chr17+49052126+49054587,,SE_0,,0,0,39,0.0
SE,ENSG00000140750,ARHGAP17,16,-,24950684,24950918,chr16:24950684-24950918,24946790,24946960,24953307,24953464,"115,143,160","19,20,19","40,69,64","34,43,71",306,86,0,0.0,"0.63,0.668,0.703","0.248,0.311,0.202",0.413,http://genome.ucsc.edu/cgi-bin/hgTracks?db=hg19&position=chr16+24946785+24953469,,SE_1,Q68EM7_S575 (Phosphorylation)/Q68EM7_S570 (Phosphorylation)/Q68EM7_S560 (Phosphorylation)/Q68EM7_S520 (Phosphorylation)/Q68EM7_S553 (Phosphorylation)/Q68EM7_S547 (Phosphorylation),6,6,234,0.07692307692307693
SE,ENSG00000091409,ITGA6,2,+,173366499,173366629,chr2:173366499-173366629,173362702,173362828,173368818,173371181,"174,317,237","155,219,179","484,737,832","83,126,138",202,86,0,0.0,"0.323,0.381,0.36","0.713,0.713,0.72",-0.361,http://genome.ucsc.edu/cgi-bin/hgTracks?db=hg19&position=chr2+173362697+173371186,,SE_2,P23229_Y1050 (Phosphorylation)/P23229_T1053 (Phosphorylation)/P23229_Y1054 (Phosphorylation)/P23229_S1064 (Phosphorylation)/P23229_K1066 (Ubiquitination)/P23229_T1070 (Phosphorylation)/P23229_K1056 (Ubiquitination),7,7,130,0.16153846153846155
SE,ENSG00000133703,KRAS,12,-,25368370,25368494,chr12:25368370-25368494,25362364,25362845,25378547,25378707,"23,32,15","317,517,394","62,127,117","341,462,484",196,86,0,0.0,"0.031,0.026,0.016","0.074,0.108,0.096",-0.068,http://genome.ucsc.edu/cgi-bin/hgTracks?db=hg19&position=chr12+25362359+25378712,,SE_3,P01116_Y157 (Phosphorylation)/P01116_C186 (Methylation)/P01116_C180 (Palmitoylation),3,3,124,0.07258064516129033
SE,ENSG00000110719,TCIRG1,11,+,67817953,67818131,chr11:67817953-67818131,67817603,67817721,67818207,67818362,"261,319,304","2,4,1","204,377,347","47,86,70",250,86,0,0.0,"0.978,0.965,0.991","0.599,0.601,0.63",0.368,http://genome.ucsc.edu/cgi-bin/hgTracks?db=hg19&position=chr11+67817598+67818367,,SE_4,,0,0,178,0.0
SE,ENSG00000182473,EXOC7,17,-,74087223,74087316,chr17:74087223-74087316,74086409,74086478,74090494,74090662,"257,345,272","10,20,9","156,240,219","51,66,57",148,62,0,0.0,"0.915,0.878,0.927","0.562,0.604,0.617",0.312,http://genome.ucsc.edu/cgi-bin/hgTracks?db=hg19&position=chr17+74086404+74090667,,SE_5,Q9UPT5_S283 (Phosphorylation)/Q9UPT5_T271 (Phosphorylation)/Q9UPT5_K291 (Ubiquitination)/Q9UPT5_K280 (Ubiquitination)/Q9UPT5_K274 (Ubiquitination),5,5,93,0.16129032258064516
SE,ENSG00000136068,FLNB,3,+,58127584,58127623,chr3:58127584-58127623,58124008,58124256,58128376,58128479,"197,263,212","77,81,85","208,383,405","3,20,8",64,86,0,0.0,"0.775,0.814,0.77","0.989,0.963,0.986",-0.193,http://genome.ucsc.edu/cgi-bin/hgTracks?db=hg19&position=chr3+58124003+58128484,,SE_6,,0,0,39,0.0
SE,ENSG00000136068,FLNB,3,+,58127584,58127656,chr3:58127584-58127656,58124008,58124256,58128376,58128479,"335,460,369","77,81,85","343,654,641","3,20,8",130,86,0,0.0,"0.742,0.79,0.742","0.987,0.956,0.981",-0.217,http://genome.ucsc.edu/cgi-bin/hgTracks?db=hg19&position=chr3+58124003+58128484,,SE_7,,0,0,72,0.0
SE,ENSG00000064042,LIMCH1,4,+,41672734,41672809,chr4:41672734-41672809,41668577,41668683,41673570,41673611,"2,4,4","72,111,69","30,57,38","49,100,87",84,34,0,0.0,"0.011,0.014,0.023","0.199,0.187,0.15",-0.163,http://genome.ucsc.edu/cgi-bin/hgTracks?db=hg19&position=chr4+41668572+41673616,,SE_8,Q9UPQ0_S754 (Phosphorylation),1,1,75,0.04
SE,ENSG00000171603,CLSTN1,1,-,9797555,9797612,chr1:9797555-9797612,9795942,9796100,9801151,9801314,"396,600,444","171,302,235","213,271,321","408,737,715",100,86,0,0.0,"0.666,0.631,0.619","0.31,0.24,0.279",0.362,http://genome.ucsc.edu/cgi-bin/hgTracks?db=hg19&position=chr1+9795937+9801319,,SE_9,O94985_N515 (Glycosylation),1,1,57,0.05263157894736842
SE,ENSG00000070882,OSBPL3,7,-,24902818,24902911,chr7:24902818-24902911,24901231,24901388,24903114,24903218,"112,159,134","6,14,18","74,81,100","54,104,109",172,86,0,0.0,"0.903,0.85,0.788","0.407,0.28,0.314",0.513,http://genome.ucsc.edu/cgi-bin/hgTracks?db=hg19&position=chr7+24901226+24903223,,SE_10,Q9H4L5_T288 (Phosphorylation)/Q9H4L5_S278 (Phosphorylation)/Q9H4L5_S272 (Phosphorylation)/Q9H4L5_S265 (Phosphorylation)/Q9H4L5_S262 (Phosphorylation),5,5,93,0.16129032258064516
SE,ENSG00000138326,RPS24,10,+,79799958,79799983,chr10:79799958-79799983,79796951,79797062,79800372,79800471,"181,229,194","2104,3264,2386","368,639,700","1542,2712,2670",36,86,0,0.0,"0.17,0.144,0.163","0.363,0.36,0.385",-0.21,http://genome.ucsc.edu/cgi-bin/hgTracks?db=hg19&position=chr10+79796946+79800476,,SE_11,,0,0,25,0.0
SE,ENSG00000138119,MYOF,10,-,95152673,95152712,chr10:95152673-95152712,95148786,95148911,95155898,95155981,"119,165,160","29,53,33","67,131,99","83,160,137",54,76,0,0.0,"0.852,0.814,0.872","0.532,0.535,0.504",0.322,http://genome.ucsc.edu/cgi-bin/hgTracks?db=hg19&position=chr10+95148781+95155986,,SE_12,,0,0,39,0.0
SE,ENSG00000138768,USO1,4,+,76716488,76716509,chr4:76716488-76716509,76714842,76715054,76720774,76720885,"4,2,0","169,213,220","39,70,77","108,162,155",28,86,0,0.0,"0.068,0.028,0.0","0.526,0.57,0.604",-0.535,http://genome.ucsc.edu/cgi-bin/hgTracks?db=hg19&position=chr4+76714837+76720890,,SE_13,,0,0,21,0.0
SE,ENSG00000143537,ADAM15,1,+,155033890,155033965,chr1:155033890-155033965,155033238,155033308,155034720,155034845,"9,21,12","401,474,427","78,100,119","331,524,540",113,63,0,0.0,"0.012,0.024,0.015","0.116,0.096,0.109",-0.09,http://genome.ucsc.edu/cgi-bin/hgTracks?db=hg19&position=chr1+155033233+155034850,,SE_14,Q13444_S762 (Phosphorylation),1,1,75,0.04
SE,ENSG00000143537,ADAM15,1,+,155034379,155034451,chr1:155034379-155034451,155033238,155033308,155034720,155034845,"35,45,48","401,474,427","135,251,219","331,524,540",107,63,0,0.0,"0.049,0.053,0.062","0.194,0.22,0.193",-0.148,http://genome.ucsc.edu/cgi-bin/hgTracks?db=hg19&position=chr1+155033233+155034850,,SE_15,Q13444_S806 (Phosphorylation),1,1,72,0.041666666666666664
SE,ENSG00000143537,ADAM15,1,+,155033893,155033965,chr1:155033893-155033965,155033238,155033308,155034720,155034845,"8,15,13","401,474,427","78,93,94","331,524,540",107,63,0,0.0,"0.012,0.018,0.018","0.122,0.095,0.093",-0.087,http://genome.ucsc.edu/cgi-bin/hgTracks?db=hg19&position=chr1+155033233+155034850,,SE_16,Q13444_S762 (Phosphorylation),1,1,72,0.041666666666666664
SE,ENSG00000143537,ADAM15,1,+,155034379,155034593,chr1:155034379-155034593,155033890,155033965,155034720,155034845,"50,83,94","2,6,6","49,99,82","49,61,66",268,68,0,0.0,"0.864,0.778,0.799","0.202,0.292,0.24",0.569,http://genome.ucsc.edu/cgi-bin/hgTracks?db=hg19&position=chr1+155033885+155034850,,SE_17,Q13444_S806 (Phosphorylation),1,1,214,0.014018691588785047
SE,ENSG00000001497,LAS1L,X,-,64753489,64753615,chrX:64753489-64753615,64752440,64752510,64754359,64754634,"299,421,384","0,1,1","235,359,385","19,30,48",175,63,0,0.0,"1.0,0.993,0.993","0.817,0.812,0.743",0.205,http://genome.ucsc.edu/cgi-bin/hgTracks?db=hg19&position=chrX+64752435+64754639,,SE_18,Q9Y4W2_Y115 (Phosphorylation)/Q9Y4W2_K98 (Ubiquitination)/Q9Y4W2_T91 (Phosphorylation)/Q9Y4W2_S90 (Phosphorylation),4,4,126,0.09523809523809523
SE,ENSG00000152492,CCDC50,3,+,191092850,191093378,chr3:191092850-191093378,191087707,191087825,191097947,191098063,"91,107,92","85,133,109","339,599,503","22,48,58",600,86,0,0.0,"0.133,0.103,0.108","0.688,0.641,0.554",-0.513,http://genome.ucsc.edu/cgi-bin/hgTracks?db=hg19&position=chr3+191087702+191098068,,SE_19,Q8IVM0_S154 (Phosphorylation)/Q8IVM0_S203 (Phosphorylation)/Q8IVM0_S209 (Phosphorylation)/Q8IVM0_S276 (Phosphorylation)/Q8IVM0_S280 (Phosphorylation)/Q8IVM0_Y292 (Phosphorylation)/Q8IVM0_T310 (Phosphorylation)/Q8IVM0_S314 (Phosphorylation)/Q8IVM0_K201 (Ubiquitination),9,9,528,0.05113636363636364
SE,ENSG00000116191,RALGPS2,1,+,178861364,178861442,chr1:178861364-178861442,178858776,178858831,178863053,178863159,"49,80,49","28,56,29","95,171,179","8,10,12",104,48,0,0.0,"0.447,0.397,0.438","0.846,0.888,0.873",-0.442,http://genome.ucsc.edu/cgi-bin/hgTracks?db=hg19&position=chr1+178858771+178863164,,SE_20,Q86X27_Y420 (Phosphorylation)/Q86X27_S422 (Phosphorylation),2,2,78,0.07692307692307693
SE,ENSG00000142949,PTPRF,1,+,44067741,44067768,chr1:44067741-44067768,44064390,44064584,44069086,44069204,"6,10,15","266,354,343","44,72,94","211,492,458",40,86,0,0.0,"0.046,0.057,0.086","0.31,0.239,0.306",-0.222,http://genome.ucsc.edu/cgi-bin/hgTracks?db=hg19&position=chr1+44064385+44069209,,SE_21,,0,0,27,0.0
SE,ENSG00000128641,MYO1B,2,+,192265474,192265561,chr2:192265474-192265561,192265107,192265194,192272840,192272915,"142,214,164","26,43,23","71,105,87","86,138,134",136,62,0,0.0,"0.713,0.694,0.765","0.273,0.258,0.228",0.471,http://genome.ucsc.edu/cgi-bin/hgTracks?db=hg19&position=chr2+192265102+192272920,,SE_22,,0,0,87,0.0
SE,ENSG00000128641,MYO1B,2,+,192267357,192267444,chr2:192267357-192267444,192265107,192265194,192272840,192272915,"122,182,157","26,43,23","70,123,96","86,138,134",136,62,0,0.0,"0.681,0.659,0.757","0.271,0.289,0.246",0.43,http://genome.ucsc.edu/cgi-bin/hgTracks?db=hg19&position=chr2+192265102+192272920,,SE_23,,0,0,87,0.0
SE,ENSG00000065613,SLK,10,+,105770573,105770666,chr10:105770573-105770666,105767934,105768114,105777917,105778047,"56,65,93","58,96,60","152,238,297","12,21,33",172,86,0,0.0,"0.326,0.253,0.437","0.864,0.85,0.818",-0.505,http://genome.ucsc.edu/cgi-bin/hgTracks?db=hg19&position=chr10+105767929+105778052,,SE_24,,0,0,93,0.0
SE,ENSG00000026508,CD44,11,+,35232792,35232996,chr11:35232792-35232996,35211381,35211612,35236398,35236461,"161,237,194","75,92,90","286,436,468","10,10,16",246,56,0,0.0,"0.328,0.37,0.329","0.867,0.908,0.869",-0.539,http://genome.ucsc.edu/cgi-bin/hgTracks?db=hg19&position=chr11+35211376+35236466,,SE_25,P16070_T572 (Phosphorylation)/P16070_T587 (Phosphorylation)/P16070_T541 (Glycosylation)/P16070_S550 (Glycosylation)/P16070_S553 (Glycosylation)/P16070_T554 (Glycosylation)/P16070_T555 (Glycosylation)/P16070_Y560 (Glycosylation)/P16070_T561 (Glycosylation)/P16070_S562 (Glycosylation)/P16070_T567 (Glycosylation)/P16070_S570 (Glycosylation)/P16070_T572 (Glycosylation)/P16070_T577 (Glycosylation)/P16070_S578 (Glycosylation)/P16070_T581 (Glycosylation)/P16070_S583 (Glycosylation)/P16070_N548 (Glycosylation)/P16070_N599 (Glycosylation),19,18,204,0.2647058823529412
SE,ENSG00000026508,CD44,11,+,35219667,35219793,chr11:35219667-35219793,35211381,35211612,35236398,35236461,"15,23,26","75,92,90","82,133,124","10,10,16",168,56,0,0.0,"0.063,0.077,0.088","0.732,0.816,0.721",-0.68,http://genome.ucsc.edu/cgi-bin/hgTracks?db=hg19&position=chr11+35211376+35236466,,SE_26,P16070_S291 (Phosphorylation)/P16070_S305 (Phosphorylation),2,2,126,0.047619047619047616
SE,ENSG00000026508,CD44,11,+,35229651,35229756,chr11:35229651-35229756,35211381,35211612,35236398,35236461,"59,118,87","75,92,90","111,162,159","10,10,16",147,56,0,0.0,"0.231,0.328,0.269","0.809,0.861,0.791",-0.544,http://genome.ucsc.edu/cgi-bin/hgTracks?db=hg19&position=chr11+35211376+35236466,,SE_27,,0,0,105,0.0
SE,ENSG00000084234,APLP2,11,+,129993506,129993674,chr11:129993506-129993674,129992199,129992408,129996594,129996725,"2364,3334,2793","1359,1947,1764","4247,6590,6806","736,1281,1282",240,86,0,0.0,"0.384,0.38,0.362","0.674,0.648,0.655",-0.284,http://genome.ucsc.edu/cgi-bin/hgTracks?db=hg19&position=chr11+129992194+129996730,,SE_28,Q06481_Y327 (Phosphorylation)/Q06481_S311 (Phosphorylation)/Q06481_T316 (Phosphorylation),3,3,168,0.05357142857142857
SE,ENSG00000115648,MLPH,2,+,238443206,238443290,chr2:238443206-238443290,238436019,238436159,238448990,238449176,"183,249,239","109,150,129","60,82,90","201,351,356",154,86,0,0.0,"0.484,0.481,0.509","0.143,0.115,0.124",0.364,http://genome.ucsc.edu/cgi-bin/hgTracks?db=hg19&position=chr2+238436014+238449181,,SE_29,,0,0,84,0.0
SE,ENSG00000176890,TYMS,18,+,669071,669173,chr18:669071-669173,662145,662320,670691,670867,"1716,2352,2230","17,10,11","712,1154,1135","20,36,48",174,86,0,0.0,"0.98,0.991,0.99","0.946,0.941,0.921",0.051,http://genome.ucsc.edu/cgi-bin/hgTracks?db=hg19&position=chr18+662140+670872,,SE_30,P04818_Y153 (Phosphorylation)/P04818_S154 (Phosphorylation)/P04818_T167 (Phosphorylation)/P04818_K169 (Ubiquitination)/P04818_T170 (Phosphorylation),5,5,102,0.14705882352941177
SE,ENSG00000196154,S100A4,1,-,153517945,153517994,chr1:153517945-153517994,153517129,153517285,153518228,153518278,"131,219,150","909,1415,1073","45,75,94","1138,1746,1986",42,43,0,0.0,"0.129,0.137,0.125","0.039,0.042,0.046",0.088,http://genome.ucsc.edu/cgi-bin/hgTracks?db=hg19&position=chr1+153517124+153518283,,SE_31,,0,0,49,0.0
SE,ENSG00000198561,CTNND1,11,+,57558856,57559145,chr11:57558856-57559145,57529289,57529518,57561481,57561553,"381,521,487","234,355,337","138,226,219","345,548,522",340,65,0,0.0,"0.237,0.219,0.216","0.071,0.073,0.074",0.151,http://genome.ucsc.edu/cgi-bin/hgTracks?db=hg19&position=chr11+57529284+57561558,,SE_32,O60716_S4 (Phosphorylation)/O60716_K25 (Ubiquitination)/O60716_T27 (Phosphorylation)/O60716_S38 (Phosphorylation)/O60716_S47 (Phosphorylation)/O60716_T59 (Phosphorylation)/O60716_T61 (Phosphorylation)/O60716_M1 (Acetylation)/O60716_S8 (Phosphorylation),9,9,289,0.09342560553633218
SE,ENSG00000198561,CTNND1,11,+,57558856,57559145,chr11:57558856-57559145,57529268,57529591,57561481,57561553,"345,484,442","44,77,78","128,195,196","69,116,113",340,65,0,0.0,"0.6,0.546,0.52","0.262,0.243,0.249",0.304,http://genome.ucsc.edu/cgi-bin/hgTracks?db=hg19&position=chr11+57529263+57561558,,SE_33,O60716_S4 (Phosphorylation)/O60716_K25 (Ubiquitination)/O60716_T27 (Phosphorylation)/O60716_S38 (Phosphorylation)/O60716_S47 (Phosphorylation)/O60716_T59 (Phosphorylation)/O60716_T61 (Phosphorylation)/O60716_M1 (Acetylation)/O60716_S8 (Phosphorylation),9,9,289,0.09342560553633218
SE,ENSG00000198561,CTNND1,11,+,57583386,57583473,chr11:57583386-57583473,57582865,57582972,57583768,57586650,"131,159,143","713,909,861","308,466,462","649,1023,1061",160,86,0,0.0,"0.09,0.086,0.082","0.203,0.197,0.19",-0.111,http://genome.ucsc.edu/cgi-bin/hgTracks?db=hg19&position=chr11+57582860+57586655,,SE_34,O60716_S943 (Phosphorylation)/O60716_Y962 (Phosphorylation)/O60716_S964 (Phosphorylation),3,3,87,0.10344827586206896
SE,ENSG00000198561,CTNND1,11,+,57558965,57559145,chr11:57558965-57559145,57529268,57529518,57561481,57561553,"208,282,262","234,355,337","73,126,127","345,548,522",231,65,0,0.0,"0.2,0.183,0.179","0.056,0.061,0.064",0.127,http://genome.ucsc.edu/cgi-bin/hgTracks?db=hg19&position=chr11+57529263+57561558,,SE_35,O60716_K25 (Ubiquitination)/O60716_T27 (Phosphorylation)/O60716_S38 (Phosphorylation)/O60716_S47 (Phosphorylation)/O60716_T59 (Phosphorylation)/O60716_T61 (Phosphorylation)/O60716_S8 (Phosphorylation),7,7,180,0.11666666666666667
SE,ENSG00000198561,CTNND1,11,+,57558963,57559145,chr11:57558963-57559145,57529272,57529518,57561481,57561553,"216,300,276","234,355,337","83,140,141","345,548,522",233,65,0,0.0,"0.205,0.191,0.186","0.063,0.067,0.07",0.127,http://genome.ucsc.edu/cgi-bin/hgTracks?db=hg19&position=chr11+57529267+57561558,,SE_36,O60716_K25 (Ubiquitination)/O60716_T27 (Phosphorylation)/O60716_S38 (Phosphorylation)/O60716_S47 (Phosphorylation)/O60716_T59 (Phosphorylation)/O60716_T61 (Phosphorylation)/O60716_S8 (Phosphorylation),7,7,182,0.11538461538461539
SE,ENSG00000203485,INF2,14,+,105183899,105183983,chr14:105183899-105183983,105180539,105181193,105185131,105185942,"18,14,24","51,73,85","24,47,70","7,21,16",154,86,0,0.0,"0.165,0.097,0.136","0.657,0.556,0.71",-0.508,http://genome.ucsc.edu/cgi-bin/hgTracks?db=hg19&position=chr14+105180534+105185947,,SE_37,,0,0,84,0.0
SE,ENSG00000203485,INF2,14,+,105181620,105181677,chr14:105181620-105181677,105180539,105181193,105185131,105185940,"192,311,264","51,73,85","336,589,546","7,21,16",100,86,0,0.0,"0.764,0.786,0.728","0.976,0.96,0.967",-0.208,http://genome.ucsc.edu/cgi-bin/hgTracks?db=hg19&position=chr14+105180534+105185945,,SE_38,Q27J81_S1237 (Phosphorylation)/Q27J81_T1242 (Phosphorylation),2,2,57,0.10526315789473684
SE,ENSG00000115414,FN1,2,-,216257653,216257926,chr2:216257653-216257926,216256354,216256537,216259250,216259442,"827,1164,1076","255,271,259","538,839,864","376,628,574",345,86,0,0.0,"0.447,0.517,0.509","0.263,0.25,0.273",0.229,http://genome.ucsc.edu/cgi-bin/hgTracks?db=hg19&position=chr2+216256349+216259447,,SE_39,,0,0,273,0.0
SE,ENSG00000116641,DOCK7,1,-,63010617,63010710,chr1:63010617-63010710,63009326,63009416,63018402,63018572,"70,97,110","21,38,32","20,41,31","45,65,54",169,83,0,0.0,"0.621,0.556,0.628","0.179,0.237,0.22",0.39,http://genome.ucsc.edu/cgi-bin/hgTracks?db=hg19&position=chr1+63009321+63018577,,SE_40,Q96N67_S948 (Phosphorylation)/Q96N67_S946 (Phosphorylation)/Q96N67_S929 (Phosphorylation)/Q96N67_S927 (Phosphorylation),4,4,93,0.12903225806451613
SE,ENSG00000105699,LSR,19,+,35753448,35753595,chr19:35753448-35753595,35749847,35749967,35757261,35757435,"645,759,820","181,218,256","487,889,848","565,915,921",219,86,0,0.0,"0.583,0.578,0.557","0.253,0.276,0.266",0.308,http://genome.ucsc.edu/cgi-bin/hgTracks?db=hg19&position=chr19+35749842+35757440,,SE_41,,0,0,147,0.0
SE,ENSG00000180900,SCRIB,8,-,144889721,144889784,chr8:144889721-144889784,144889093,144889183,144890778,144891195,"114,180,213","131,135,163","30,28,41","229,400,386",109,83,0,0.0,"0.399,0.504,0.499","0.091,0.051,0.075",0.395,http://genome.ucsc.edu/cgi-bin/hgTracks?db=hg19&position=chr8+144889088+144891200,,SE_42,Q14160_S708 (Phosphorylation),1,1,63,0.047619047619047616
SE,ENSG00000079805,DNM2,19,+,10919244,10919256,chr19:10919244-10919256,10916591,10916643,10922939,10923053,"6,9,10","84,124,102","27,44,31","15,58,49",5,45,0,0.0,"0.391,0.395,0.469","0.942,0.872,0.851",-0.47,http://genome.ucsc.edu/cgi-bin/hgTracks?db=hg19&position=chr19+10916586+10923058,,SE_43,,0,0,12,0.0
SE,ENSG00000111237,VPS29,12,-,110937261,110937351,chr12:110937261-110937351,110933816,110934008,110939853,110939916,"66,87,106","51,72,59","54,82,78","122,214,206",136,56,4.4408920985e-16,6.70268778751e-13,"0.348,0.332,0.425","0.154,0.136,0.135",0.227,http://genome.ucsc.edu/cgi-bin/hgTracks?db=hg19&position=chr12+110933811+110939921,,SE_44,,0,0,90,0.0
SE,ENSG00000111237,VPS29,12,-,110937339,110937351,chr12:110937339-110937351,110933816,110934008,110939853,110939912,"73,99,104","51,72,59","60,100,89","122,214,206",5,52,7.77156117238e-16,1.1474710071e-12,"0.937,0.935,0.948","0.836,0.829,0.818",0.112,http://genome.ucsc.edu/cgi-bin/hgTracks?db=hg19&position=chr12+110933811+110939917,,SE_45,,0,0,12,0.0
SE,ENSG00000133030,MPRIP,17,+,17083920,17083983,chr17:17083920-17083983,17083316,17083402,17088136,17088874,"408,541,522","303,403,360","261,450,442","426,706,718",105,79,8.881784197e-16,1.28349340612e-12,"0.503,0.502,0.522","0.316,0.324,0.317",0.19,http://genome.ucsc.edu/cgi-bin/hgTracks?db=hg19&position=chr17+17083311+17088879,,SE_46,Q6WCQ1_S1016 (Phosphorylation),1,1,63,0.047619047619047616
SE,ENSG00000102181,CD99L2,X,-,149996778,149998077,chrX:149996778-149998077,149984479,149984551,149999703,149999766,"40,41,31","11,26,21","101,169,134","5,3,4",1320,35,1.55431223448e-15,2.15443536028e-12,"0.088,0.04,0.038","0.349,0.599,0.47",-0.417,http://genome.ucsc.edu/cgi-bin/hgTracks?db=hg19&position=chrX+149984474+149999771,,SE_47,,0,0,1299,0.0
SE,ENSG00000160796,NBEAL2,3,+,47033964,47034045,chr3:47033964-47034045,47033329,47033436,47035426,47035510,"8,4,2","42,51,39","29,48,50","26,53,43",139,77,1.55431223448e-15,2.15443536028e-12,"0.095,0.042,0.028","0.382,0.334,0.392",-0.314,http://genome.ucsc.edu/cgi-bin/hgTracks?db=hg19&position=chr3+47033324+47035515,,SE_48,Q6ZNJ1_K371 (Ubiquitination),1,1,81,0.037037037037037035
SE,ENSG00000137177,KIF13A,6,-,17771344,17771449,chr6:17771344-17771449,17763923,17765177,17772138,17772290,"33,55,63","23,35,28","63,132,127","4,13,5",177,86,1.99840144433e-15,2.71458855395e-12,"0.411,0.433,0.522","0.884,0.831,0.925",-0.425,http://genome.ucsc.edu/cgi-bin/hgTracks?db=hg19&position=chr6+17763918+17772295,,SE_49,,0,0,105,0.0
SE,ENSG00000213923,CSNK1E,22,-,38691392,38691453,chr22:38691392-38691453,38690347,38690540,38694790,38694939,"69,85,91","187,308,252","112,173,163","111,191,200",108,86,5.44009282066e-15,7.24481694679e-12,"0.227,0.18,0.223","0.446,0.419,0.394",-0.21,http://genome.ucsc.edu/cgi-bin/hgTracks?db=hg19&position=chr22+38690342+38694944,,SE_50,,0,0,61,0.0
SE,ENSG00000198901,PRC1,15,-,91512308,91512350,chr15:91512308-91512350,91509269,91510432,91512676,91512853,"96,130,110","122,169,141","48,62,63","139,272,242",70,86,2.68673971959e-14,3.50924375029e-11,"0.492,0.486,0.489","0.298,0.219,0.242",0.236,http://genome.ucsc.edu/cgi-bin/hgTracks?db=hg19&position=chr15+91509264+91512858,,SE_51,O43663_T593 (Phosphorylation)/O43663_S592 (Phosphorylation)/O43663_S591 (Phosphorylation)/O43663_S589 (Phosphorylation)/O43663_S587 (Phosphorylation),5,5,42,0.35714285714285715
SE,ENSG00000165233,C9orf89,9,+,95874160,95874220,chr9:95874160-95874220,95872849,95873003,95874499,95874571,"160,256,176","43,74,65","228,380,378","18,27,46",85,65,3.65263375102e-14,4.68081569312e-11,"0.74,0.726,0.674","0.906,0.915,0.863",-0.181,http://genome.ucsc.edu/cgi-bin/hgTracks?db=hg19&position=chr9+95872844+95874576,,SE_52,Q96LW7_S104 (Phosphorylation)/Q96LW7_T107 (Phosphorylation)/Q96LW7_S111 (Phosphorylation)/Q96LW7_S113 (Phosphorylation)/Q96LW7_S115 (Phosphorylation),5,5,60,0.25
SE,ENSG00000142949,PTPRF,1,+,44069281,44069860,chr1:44069281-44069860,44069086,44069204,44070573,44070671,"1936,2739,2525","18,29,25","2538,4345,4222","7,4,4",651,86,4.7517545454e-14,5.9765632772e-11,"0.934,0.926,0.93","0.98,0.993,0.993",-0.059,http://genome.ucsc.edu/cgi-bin/hgTracks?db=hg19&position=chr1+44069081+44070676,,SE_53,P10586_T825 (Phosphorylation)/P10586_S996 (Phosphorylation)/P10586_S1000 (Phosphorylation)/P10586_N959 (Glycosylation)/P10586_N966 (Glycosylation),5,5,579,0.025906735751295335
SE,ENSG00000145730,PAM,5,+,102309819,102310140,chr5:102309819-102310140,102296861,102296933,102325975,102326105,"1353,1719,1637","42,58,56","867,1478,1432","75,139,113",372,65,7.5384143372e-14,9.30911933397e-11,"0.849,0.838,0.836","0.669,0.65,0.689",0.172,http://genome.ucsc.edu/cgi-bin/hgTracks?db=hg19&position=chr5+102296856+102326110,,SE_54,P19021_K409 (Ubiquitination)/P19021_K415 (Ubiquitination)/P19021_K432 (Ubiquitination)/P19021_K396 (Ubiquitination)/P19021_T413 (Glycosylation)/P19021_S466 (Glycosylation)/P19021_T467 (Glycosylation)/P19021_S473 (Glycosylation),8,8,321,0.07476635514018691
SE,ENSG00000132470,ITGB4,17,+,73735752,73735786,chr17:73735752-73735786,73733402,73733525,73735960,73736152,"84,126,116","10,4,1","123,193,211","40,44,80",54,86,1.48436818392e-13,1.80030004792e-10,"0.93,0.98,0.995","0.83,0.875,0.808",0.131,http://genome.ucsc.edu/cgi-bin/hgTracks?db=hg19&position=chr17+73733397+73736157,,SE_55,,0,0,34,0.0
SE,ENSG00000178921,PFAS,17,+,8168605,8168786,chr17:8168605-8168786,8168212,8168443,8168873,8168957,"243,303,346","7,7,5","108,195,189","19,38,20",244,77,2.20157225783e-13,2.62330852947e-10,"0.916,0.932,0.956","0.642,0.618,0.749",0.265,http://genome.ucsc.edu/cgi-bin/hgTracks?db=hg19&position=chr17+8168207+8168962,,SE_56,O15067_K803 (Ubiquitination),1,1,181,0.016574585635359115
SE,ENSG00000186575,NF2,22,+,30079008,30079053,chr22:30079008-30079053,30077427,30077590,30090740,30090800,"55,82,72","22,36,22","109,123,144","9,2,13",43,53,5.13034059679e-13,6.00771729299e-10,"0.755,0.737,0.801","0.937,0.987,0.932",-0.188,http://genome.ucsc.edu/cgi-bin/hgTracks?db=hg19&position=chr22+30077422+30090805,,SE_57,,0,0,45,0.0
SE,ENSG00000079385,CEACAM1,19,-,43015727,43015780,chr19:43015727-43015780,43015040,43015072,43016501,43016631,"6,8,11","3,3,5","2,0,1","16,33,27",46,25,1.51101353651e-12,1.73943268451e-09,"0.521,0.592,0.545","0.064,0.0,0.02",0.525,http://genome.ucsc.edu/cgi-bin/hgTracks?db=hg19&position=chr19+43015035+43016636,,SE_58,P13688_S461 (Phosphorylation)/P13688_S472 (Phosphorylation)/P13688_S474 (Phosphorylation),3,3,53,0.16981132075471697
SE,ENSG00000180900,SCRIB,8,-,144889721,144889784,chr8:144889721-144889784,144889093,144889183,144891720,144891888,"66,95,106","0,0,0","14,14,23","5,8,6",109,83,1.85385040652e-12,2.09852776267e-09,"1.0,1.0,1.0","0.681,0.571,0.745",0.334,http://genome.ucsc.edu/cgi-bin/hgTracks?db=hg19&position=chr8+144889088+144891893,,SE_59,Q14160_S708 (Phosphorylation),1,1,63,0.047619047619047616
SE,ENSG00000001167,NFYA,6,+,41048549,41048636,chr6:41048549-41048636,41046767,41046903,41051784,41051931,"39,42,46","40,60,41","7,22,16","59,83,89",160,86,4.12248013504e-12,4.59007751298e-09,"0.344,0.273,0.376","0.06,0.125,0.088",0.24,http://genome.ucsc.edu/cgi-bin/hgTracks?db=hg19&position=chr6+41046762+41051936,,SE_60,,0,0,87,0.0
SE,ENSG00000092841,MYL6,12,+,56554409,56554454,chr12:56554409-56554454,56554026,56554104,56555170,56555359,"415,516,474","1905,2477,2288","575,1052,1006","1550,2597,2533",61,71,7.07711667047e-12,7.75275301841e-09,"0.202,0.195,0.194","0.302,0.32,0.316",-0.116,http://genome.ucsc.edu/cgi-bin/hgTracks?db=hg19&position=chr12+56554021+56555364,,SE_61,,0,0,45,0.0
SE,ENSG00000133030,MPRIP,17,+,17078606,17078726,chr17:17078606-17078726,17077229,17077389,17079739,17079826,"1248,1887,1522","51,46,33","1195,1923,1977","104,126,119",186,80,7.21400716941e-12,7.77727226888e-09,"0.913,0.946,0.952","0.832,0.868,0.877",0.078,http://genome.ucsc.edu/cgi-bin/hgTracks?db=hg19&position=chr17+17077224+17079831,,SE_62,Q6WCQ1_S891 (Phosphorylation)/Q6WCQ1_T881 (Phosphorylation)/Q6WCQ1_T889 (Phosphorylation),3,3,120,0.075
SE,ENSG00000068724,TTC7A,2,+,47185633,47185691,chr2:47185633-47185691,47183977,47184146,47202111,47202242,"17,19,21","68,93,82","4,8,6","123,175,204",102,86,1.01125774421e-11,1.07318148014e-08,"0.174,0.147,0.178","0.027,0.037,0.024",0.137,http://genome.ucsc.edu/cgi-bin/hgTracks?db=hg19&position=chr2+47183972+47202247,,SE_63,,0,0,58,0.0
SE,ENSG00000141759,TXNL4A,18,-,77736717,77736787,chr18:77736717-77736787,77733406,77733856,77737597,77737701,"26,23,19","436,623,487","52,81,79","344,617,656",126,86,1.59464663696e-11,1.66625853747e-08,"0.039,0.025,0.026","0.094,0.082,0.076",-0.054,http://genome.ucsc.edu/cgi-bin/hgTracks?db=hg19&position=chr18+77733401+77737706,,SE_64,,0,0,70,0.0
SE,ENSG00000049283,EPN3,17,+,48616244,48616325,chr17:48616244-48616325,48615439,48615558,48616547,48616676,"50,64,60","26,28,27","86,122,134","11,13,5",148,86,2.34234853735e-11,2.41045409558e-08,"0.528,0.57,0.564","0.82,0.845,0.94",-0.314,http://genome.ucsc.edu/cgi-bin/hgTracks?db=hg19&position=chr17+48615434+48616681,,SE_65,,0,0,81,0.0
SE,ENSG00000198561,CTNND1,11,+,57556508,57556627,chr11:57556508-57556627,57529268,57529518,57558963,57559145,"157,223,152","7,12,10","20,32,27","9,11,12",191,86,2.75677258799e-11,2.79458563289e-08,"0.91,0.893,0.873","0.5,0.567,0.503",0.369,http://genome.ucsc.edu/cgi-bin/hgTracks?db=hg19&position=chr11+57529263+57559150,,SE_66,,0,0,119,0.0
SE,ENSG00000196776,CD47,3,-,107769424,107769449,chr3:107769424-107769449,107765925,107766139,107770785,107770817,"7,13,12","90,154,126","25,36,43","59,104,109",18,25,3.54526408231e-11,3.54104104715e-08,"0.097,0.105,0.117","0.37,0.325,0.354",-0.243,http://genome.ucsc.edu/cgi-bin/hgTracks?db=hg19&position=chr3+107765920+107770822,,SE_67,Q08722_K304 (Ubiquitination),1,1,25,0.12
SE,ENSG00000117335,CD46,1,+,207963597,207963690,chr1:207963597-207963690,207959000,207959027,207966863,207967218,"377,673,586","155,213,250","282,434,428","202,364,310",106,20,4.07932576607e-11,4.01541632907e-08,"0.315,0.373,0.307","0.208,0.184,0.207",0.132,http://genome.ucsc.edu/cgi-bin/hgTracks?db=hg19&position=chr1+207958995+207967223,,SE_68,P15529_Y378 (Phosphorylation)/P15529_S391 (Phosphorylation)/P15529_K388 (Ubiquitination),3,3,93,0.0967741935483871
SE,ENSG00000125351,UPF3B,X,-,118974608,118974647,chrX:118974608-118974647,118972329,118972490,118975038,118975221,"16,19,15","167,225,216","38,50,51","121,189,181",64,86,6.95394852812e-11,6.74721757259e-08,"0.114,0.102,0.085","0.297,0.262,0.275",-0.178,http://genome.ucsc.edu/cgi-bin/hgTracks?db=hg19&position=chrX+118972324+118975226,,SE_69,,0,0,39,0.0
SE,ENSG00000186575,NF2,22,+,30079008,30079068,chr22:30079008-30079068,30077427,30077590,30090740,30090800,"24,45,34","22,36,22","58,71,75","9,2,13",73,53,9.37538935375e-11,8.96855027489e-08,"0.442,0.476,0.529","0.824,0.963,0.807",-0.382,http://genome.ucsc.edu/cgi-bin/hgTracks?db=hg19&position=chr22+30077422+30090805,,SE_70,,0,0,60,0.0
SE,ENSG00000132613,MTSS1L,16,-,70699368,70699443,chr16:70699368-70699443,70698822,70698999,70708208,70708431,"234,361,280","32,49,38","301,508,507","13,25,16",136,86,1.08601017068e-10,1.02445451087e-07,"0.822,0.823,0.823","0.936,0.928,0.952",-0.116,http://genome.ucsc.edu/cgi-bin/hgTracks?db=hg19&position=chr16+70698817+70708436,,SE_71,Q765P7_S372 (Phosphorylation),1,1,75,0.04
SE,ENSG00000074416,MGLL,3,-,127434695,127434773,chr3:127434695-127434773,127429418,127429508,127439895,127440014,"1,0,0","101,115,102","12,21,23","91,156,137",139,83,1.5800094566e-10,1.47003646963e-07,"0.006,0.0,0.0","0.073,0.074,0.091",-0.077,http://genome.ucsc.edu/cgi-bin/hgTracks?db=hg19&position=chr3+127429413+127440019,,SE_72,,0,0,78,0.0
SE,ENSG00000112715,VEGFA,6,+,43748468,43748540,chr6:43748468-43748540,43746625,43746655,43749692,43749824,"51,97,77","77,121,125","152,257,220","96,119,147",67,23,1.81165527025e-10,1.66278127433e-07,"0.185,0.216,0.175","0.352,0.426,0.339",-0.18,http://genome.ucsc.edu/cgi-bin/hgTracks?db=hg19&position=chr6+43746620+43749829,,SE_73,,0,0,72,0.0
SE,ENSG00000173821,RNF213,17,+,78252562,78252709,chr17:78252562-78252709,78247039,78247203,78261613,78262162,"20,33,39","58,76,57","81,118,116","46,76,88",219,86,2.54997023497e-10,2.30921904519e-07,"0.119,0.146,0.212","0.409,0.379,0.341",-0.217,http://genome.ucsc.edu/cgi-bin/hgTracks?db=hg19&position=chr17+78247034+78262167,,SE_74,,0,0,147,0.0
SE,ENSG00000026508,CD44,11,+,35227658,35227790,chr11:35227658-35227790,35219667,35219793,35229651,35229753,"24,31,30","14,12,16","134,214,178","13,19,16",204,86,2.82401102503e-10,2.52373690538e-07,"0.42,0.521,0.441","0.813,0.826,0.824",-0.36,http://genome.ucsc.edu/cgi-bin/hgTracks?db=hg19&position=chr11+35219662+35229758,,SE_75,P16070_S430 (Glycosylation)/P16070_T433 (Glycosylation)/P16070_S434 (Glycosylation)/P16070_S458 (Glycosylation)/P16070_S448 (Phosphorylation),5,5,132,0.11363636363636363
SE,ENSG00000143367,TUFT1,1,+,151534566,151534641,chr1:151534566-151534641,151512809,151512902,151535060,151535162,"29,21,31","44,89,47","52,95,124","33,40,53",136,86,3.41746630994e-10,3.01442719876e-07,"0.294,0.13,0.294","0.499,0.6,0.597",-0.326,http://genome.ucsc.edu/cgi-bin/hgTracks?db=hg19&position=chr1+151512804+151535167,,SE_76,,0,0,75,0.0
SE,ENSG00000060138,CSDA,12,-,10862506,10862713,chr12:10862506-10862713,10856621,10856747,10865809,10865932,"637,867,725","117,144,152","449,802,830","184,271,291",279,86,4.11535916456e-10,3.58347537305e-07,"0.627,0.65,0.595","0.429,0.477,0.468",0.166,http://genome.ucsc.edu/cgi-bin/hgTracks?db=hg19&position=chr12+10856616+10865937,,SE_77,P16989_R258 (Methylation)/P16989_R251 (Methylation)/P16989_S250 (Phosphorylation)/P16989_T245 (Phosphorylation)/P16989_Y240 (Phosphorylation)/P16989_R236 (Methylation)/P16989_R235 (Methylation)/P16989_R233 (Methylation)/P16989_Y232 (Phosphorylation)/P16989_R229 (Methylation)/P16989_Y228 (Phosphorylation)/P16989_R225 (Methylation)/P16989_R220 (Methylation)/P16989_T212 (Phosphorylation)/P16989_S204 (Phosphorylation)/P16989_S203 (Phosphorylation)/P16989_S201 (Phosphorylation)/P16989_Y192 (Phosphorylation),18,18,207,0.2608695652173913
SE,ENSG00000198561,CTNND1,11,+,57556508,57556627,chr11:57556508-57556627,57529268,57529518,57558856,57559145,"226,381,261","43,52,59","33,51,32","16,40,27",191,86,4.52936355089e-10,3.89404864573e-07,"0.703,0.767,0.666","0.482,0.365,0.348",0.314,http://genome.ucsc.edu/cgi-bin/hgTracks?db=hg19&position=chr11+57529263+57559150,,SE_78,,0,0,119,0.0
SE,ENSG00000154380,ENAH,1,-,225692692,225692755,chr1:225692692-225692755,225688693,225688772,225695652,225695719,"75,123,98","47,61,42","112,155,166","15,25,29",72,46,4.72272443375e-10,4.0095340102e-07,"0.505,0.563,0.599","0.827,0.798,0.785",-0.248,http://genome.ucsc.edu/cgi-bin/hgTracks?db=hg19&position=chr1+225688688+225695724,,SE_79,Q8N8S7_S531 (Phosphorylation)/Q8N8S7_Y529 (Phosphorylation)/Q8N8S7_S528 (Phosphorylation)/Q8N8S7_R527 (Methylation)/Q8N8S7_S516 (Phosphorylation),5,5,63,0.23809523809523808
SE,ENSG00000137693,YAP1,11,+,102080247,102080295,chr11:102080247-102080295,102076623,102076805,102094352,102094483,"111,130,117","159,235,241","145,236,270","121,221,184",82,86,4.98368013524e-10,4.17884655686e-07,"0.423,0.367,0.337","0.557,0.528,0.606",-0.188,http://genome.ucsc.edu/cgi-bin/hgTracks?db=hg19&position=chr11+102076618+102094488,,SE_80,P46937_S340 (Phosphorylation)/P46937_K342 (Ubiquitination),2,2,48,0.125
SE,ENSG00000101365,IDH3B,20,-,2640713,2640822,chr20:2640713-2640822,2640344,2640439,2640908,2640955,"448,553,571","0,1,0","443,706,756","18,14,18",135,40,7.10537295667e-10,5.88524177859e-07,"1.0,0.994,1.0","0.879,0.937,0.926",0.084,http://genome.ucsc.edu/cgi-bin/hgTracks?db=hg19&position=chr20+2640339+2640960,,SE_81,,0,0,109,0.0
SE,ENSG00000088305,DNMT3B,20,+,31393143,31393213,chr20:31393143-31393213,31390190,31390276,31395567,31397161,"2,1,2","7,7,15","9,16,16","1,3,1",119,79,7.32527483116e-10,5.99428121997e-07,"0.159,0.087,0.081","0.857,0.78,0.914",-0.741,http://genome.ucsc.edu/cgi-bin/hgTracks?db=hg19&position=chr20+31390185+31397166,,SE_82,,0,0,70,0.0
SE,ENSG00000134278,SPIRE1,18,-,12459753,12459927,chr18:12459753-12459927,12454344,12454482,12463349,12463492,"72,64,96","75,99,78","147,185,269","59,90,93",246,86,9.70747149331e-10,7.84906852803e-07,"0.251,0.184,0.301","0.466,0.418,0.503",-0.217,http://genome.ucsc.edu/cgi-bin/hgTracks?db=hg19&position=chr18+12454339+12463497,,SE_83,,0,0,174,0.0
SE,ENSG00000112715,VEGFA,6,+,43748468,43748522,chr6:43748468-43748522,43746625,43746655,43749692,43749824,"3,7,4","77,121,125","20,39,29","96,119,147",47,23,1.61806767984e-09,1.29291222055e-06,"0.019,0.028,0.015","0.093,0.138,0.088",-0.086,http://genome.ucsc.edu/cgi-bin/hgTracks?db=hg19&position=chr6+43746620+43749829,,SE_84,,0,0,54,0.0
SE,ENSG00000152952,PLOD2,3,-,145795648,145795711,chr3:145795648-145795711,145794568,145794682,145796902,145797044,"340,472,383","96,132,106","249,344,328","136,192,186",112,86,3.38385786058e-09,2.67242141899e-06,"0.731,0.733,0.735","0.584,0.579,0.575",0.154,http://genome.ucsc.edu/cgi-bin/hgTracks?db=hg19&position=chr3+145794563+145797049,,SE_85,O00469_T510 (Phosphorylation)/O00469_S508 (Phosphorylation)/O00469_K506 (Ubiquitination),3,3,63,0.14285714285714285
SE,ENSG00000185813,PCYT2,17,-,79865079,79865133,chr17:79865079-79865133,79864635,79864774,79865429,79865474,"7,3,14","27,69,40","42,69,59","41,31,59",47,38,3.91127685795e-09,3.05344842431e-06,"0.173,0.034,0.221","0.453,0.643,0.447",-0.372,http://genome.ucsc.edu/cgi-bin/hgTracks?db=hg19&position=chr17+79864630+79865479,,SE_86,,0,0,54,0.0
SE,ENSG00000122591,FAM126A,7,-,22986651,22986866,chr7:22986651-22986866,22985601,22985782,22999874,23000034,"215,317,269","30,40,25","145,267,275","36,81,90",287,86,6.30854390948e-09,4.86897720214e-06,"0.682,0.704,0.763","0.547,0.497,0.478",0.209,http://genome.ucsc.edu/cgi-bin/hgTracks?db=hg19&position=chr7+22985596+23000039,,SE_87,,0,0,215,0.0
SE,ENSG00000198901,PRC1,15,-,91512308,91512350,chr15:91512308-91512350,91509269,91510432,91512753,91512853,"48,80,63","67,106,81","30,38,40","104,137,137",70,86,6.86974310771e-09,5.24254024868e-06,"0.468,0.481,0.489","0.262,0.254,0.264",0.219,http://genome.ucsc.edu/cgi-bin/hgTracks?db=hg19&position=chr15+91509264+91512858,,SE_88,O43663_T593 (Phosphorylation)/O43663_S592 (Phosphorylation)/O43663_S591 (Phosphorylation)/O43663_S589 (Phosphorylation)/O43663_S587 (Phosphorylation),5,5,42,0.35714285714285715
SE,ENSG00000122591,FAM126A,7,-,22986570,22986866,chr7:22986570-22986866,22984127,22985782,22999874,23000034,"353,534,487","30,40,25","265,433,464","36,81,90",368,86,1.13043743255e-08,8.53090888682e-06,"0.733,0.757,0.82","0.632,0.555,0.546",0.192,http://genome.ucsc.edu/cgi-bin/hgTracks?db=hg19&position=chr7+22984122+23000039,,SE_89,,0,0,296,0.0
SE,ENSG00000152601,MBNL1,3,+,152164492,152164546,chr3:152164492-152164546,152163070,152163328,152165408,152165562,"139,184,167","130,189,160","152,288,254","75,112,142",94,86,1.16309961662e-08,8.68094097376e-06,"0.494,0.471,0.488","0.65,0.702,0.621",-0.173,http://genome.ucsc.edu/cgi-bin/hgTracks?db=hg19&position=chr3+152163065+152165567,,SE_90,Q9NR56_T270 (Phosphorylation)/Q9NR56_S272 (Phosphorylation)/Q9NR56_K278 (Ubiquitination),3,3,54,0.16666666666666666
SE,ENSG00000104067,TJP1,15,-,30011980,30012220,chr15:30011980-30012220,30010469,30011342,30012561,30012912,"590,797,743","67,97,64","468,721,785","81,171,181",312,86,1.19087509853e-08,8.7916354149e-06,"0.708,0.694,0.762","0.614,0.538,0.545",0.156,http://genome.ucsc.edu/cgi-bin/hgTracks?db=hg19&position=chr15+30010464+30012917,,SE_91,Q07157_S994 (Phosphorylation)/Q07157_S992 (Phosphorylation)/Q07157_T979 (Phosphorylation)/Q07157_S978 (Phosphorylation)/Q07157_T976 (Phosphorylation)/Q07157_S973 (Phosphorylation)/Q07157_S968 (Phosphorylation)/Q07157_Y967 (Phosphorylation)/Q07157_S966 (Phosphorylation)/Q07157_T965 (Phosphorylation)/Q07157_S964 (Phosphorylation)/Q07157_T936 (Phosphorylation)/Q07157_S933 (Phosphorylation)/Q07157_Y931 (Phosphorylation)/Q07157_S927 (Phosphorylation)/Q07157_S926 (Phosphorylation),16,16,240,0.2
SE,ENSG00000214063,TSPAN4,11,+,862549,862741,chr11:862549-862741,850287,850367,864436,864511,"392,422,487","5,9,3","261,446,448","15,21,34",233,55,1.27758459367e-08,9.33035139973e-06,"0.949,0.917,0.975","0.804,0.834,0.757",0.149,http://genome.ucsc.edu/cgi-bin/hgTracks?db=hg19&position=chr11+850282+864516,,SE_92,,0,0,192,0.0
SE,ENSG00000136754,ABI1,10,-,27044583,27044670,chr10:27044583-27044670,27040526,27040712,27047990,27048167,"120,160,160","15,16,26","112,173,177","45,58,65",160,86,1.74229887184e-08,1.25888507528e-05,"0.811,0.843,0.768","0.572,0.616,0.594",0.213,http://genome.ucsc.edu/cgi-bin/hgTracks?db=hg19&position=chr10+27040521+27048172,,SE_93,Q8IZP0_S361 (Phosphorylation),1,1,87,0.034482758620689655
SE,ENSG00000127603,MACF1,1,+,39946591,39946702,chr1:39946591-39946702,39945469,39945681,39950272,39951889,"240,323,257","98,157,140","315,558,511","69,146,126",183,86,1.81067064675e-08,1.29451515428e-05,"0.535,0.492,0.463","0.682,0.642,0.656",-0.163,http://genome.ucsc.edu/cgi-bin/hgTracks?db=hg19&position=chr1+39945464+39951894,,SE_94,,0,0,111,0.0
SE,ENSG00000143537,ADAM15,1,+,155034051,155034122,chr1:155034051-155034122,155033893,155033965,155034720,155034845,"10,21,14","2,6,6","27,23,36","49,61,66",107,65,4.46062927706e-08,3.12331422545e-05,"0.752,0.68,0.586","0.251,0.186,0.249",0.444,http://genome.ucsc.edu/cgi-bin/hgTracks?db=hg19&position=chr1+155033888+155034850,,SE_95,,0,0,71,0.0
SE,ENSG00000141759,TXNL4A,18,-,77736717,77736787,chr18:77736717-77736787,77733406,77733856,77748239,77748518,"18,14,13","39,45,41","33,54,53","22,43,46",126,86,4.63970357689e-08,3.21555129836e-05,"0.24,0.175,0.178","0.506,0.462,0.44",-0.272,http://genome.ucsc.edu/cgi-bin/hgTracks?db=hg19&position=chr18+77733401+77748523,,SE_96,,0,0,70,0.0
SE,ENSG00000134955,SLC37A2,11,+,124956099,124956156,chr11:124956099-124956156,124955849,124955914,124958014,124959131,"2,4,1","3,11,8","13,15,15","1,0,1",72,58,4.74926730165e-08,3.25823723092e-05,"0.349,0.227,0.091","0.913,1.0,0.924",-0.723,http://genome.ucsc.edu/cgi-bin/hgTracks?db=hg19&position=chr11+124955844+124959136,,SE_97,,0,0,57,0.0
SE,ENSG00000108395,TRIM37,17,-,57078958,57079075,chr17:57078958-57079075,57075568,57076820,57089688,57089807,"232,314,296","8,29,19","164,294,264","33,43,59",189,86,5.85450731228e-08,3.97632282143e-05,"0.93,0.831,0.876","0.693,0.757,0.671",0.172,http://genome.ucsc.edu/cgi-bin/hgTracks?db=hg19&position=chr17+57075563+57089812,,SE_98,,0,0,117,0.0
SE,ENSG00000103197,TSC2,16,+,2127598,2127727,chr16:2127598-2127727,2126491,2126586,2129032,2129197,"57,98,66","50,69,49","116,174,181","36,62,51",201,86,6.22295497354e-08,4.18472157275e-05,"0.328,0.378,0.366","0.58,0.546,0.603",-0.219,http://genome.ucsc.edu/cgi-bin/hgTracks?db=hg19&position=chr16+2126486+2129202,,SE_99,P49815_S960 (Phosphorylation)/P49815_K967 (Methylation)/P49815_S981 (Phosphorylation)/P49815_K954 (Ubiquitination)/P49815_K964 (Ubiquitination),5,5,129,0.11627906976744186
SE,ENSG00000160194,NDUFV3,21,+,44323291,44324386,chr21:44323291-44324386,44317036,44317157,44328973,44329215,"1021,1396,1121","180,250,216","888,1390,1388","236,451,465",1167,86,8.91728332286e-08,5.93777417652e-05,"0.295,0.292,0.277","0.217,0.185,0.18",0.094,http://genome.ucsc.edu/cgi-bin/hgTracks?db=hg19&position=chr21+44317031+44329220,,SE_100,P56181_T70 (Phosphorylation)/P56181_T72 (Phosphorylation)/P56181_S77 (Phosphorylation)/P56181_S82 (Phosphorylation)/P56181_S98 (Phosphorylation)/P56181_S100 (Phosphorylation)/P56181_S104 (Phosphorylation)/P56181_T108 (Phosphorylation)/P56181_S117 (Phosphorylation)/P56181_K127 (Ubiquitination)/P56181_S130 (Phosphorylation)/P56181_S137 (Phosphorylation)/P56181_S152 (Phosphorylation)/P56181_S154 (Phosphorylation)/P56181_S155 (Phosphorylation)/P56181_S156 (Phosphorylation)/P56181_S157 (Phosphorylation)/P56181_S158 (Phosphorylation)/P56181_S159 (Phosphorylation)/P56181_S160 (Phosphorylation)/P56181_S162 (Phosphorylation)/P56181_S164 (Phosphorylation)/P56181_R182 (Methylation)/P56181_S232 (Phosphorylation)/P56181_S237 (Phosphorylation)/P56181_T247 (Phosphorylation)/P56181_T248 (Phosphorylation)/P56181_K260 (Methylation)/P56181_K264 (Methylation)/P56181_K266 (Methylation)/P56181_T295 (Phosphorylation)/P56181_S306 (Phosphorylation)/P56181_S325 (Phosphorylation)/P56181_K208 (Ubiquitination)/P56181_K223 (Acetylation),35,35,1095,0.0958904109589041
SE,ENSG00000107263,RAPGEF1,9,-,134479347,134479440,chr9:134479347-134479440,134477447,134477536,134497182,134497225,"1,11,8","49,61,55","12,47,34","40,72,64",118,32,9.65054378632e-08,6.36364352838e-05,"0.006,0.047,0.038","0.075,0.15,0.126",-0.087,http://genome.ucsc.edu/cgi-bin/hgTracks?db=hg19&position=chr9+134477442+134497230,,SE_101,,0,0,93,0.0
SE,ENSG00000186575,NF2,22,+,30078967,30079053,chr22:30078967-30079053,30077427,30077590,30090740,30090945,"32,39,38","22,36,22","51,55,70","9,2,13",158,86,1.0891989799e-07,7.10555370355e-05,"0.442,0.371,0.485","0.755,0.937,0.746",-0.38,http://genome.ucsc.edu/cgi-bin/hgTracks?db=hg19&position=chr22+30077422+30090950,,SE_102,,0,0,86,0.0
SE,ENSG00000134317,GRHL1,2,+,10102583,10102660,chr2:10102583-10102660,10101174,10101565,10104014,10104171,"20,29,26","19,22,13","71,101,106","7,21,16",140,86,1.09848958152e-07,7.10555370355e-05,"0.393,0.447,0.551","0.862,0.747,0.803",-0.34,http://genome.ucsc.edu/cgi-bin/hgTracks?db=hg19&position=chr2+10101169+10104176,,SE_103,Q9NZI5_S231 (Phosphorylation),1,1,77,0.03896103896103896
SE,ENSG00000175866,BAIAP2,17,+,79084713,79084759,chr17:79084713-79084759,79082274,79082309,79089569,79091232,"17,14,10","31,32,29","35,52,51","13,34,29",39,28,1.11825233962e-07,7.16514911836e-05,"0.282,0.239,0.198","0.659,0.523,0.558",-0.34,http://genome.ucsc.edu/cgi-bin/hgTracks?db=hg19&position=chr17+79082269+79091237,,SE_104,,0,0,46,0.0
SE,ENSG00000177674,AGTRAP,1,+,11808471,11808646,chr1:11808471-11808646,11807496,11807602,11810133,11810545,"292,450,411","0,0,1","298,430,495","8,11,16",247,86,1.39664020238e-07,8.86527157995e-05,"1.0,1.0,0.993","0.928,0.932,0.915",0.073,http://genome.ucsc.edu/cgi-bin/hgTracks?db=hg19&position=chr1+11807491+11810550,,SE_105,Q6RW13_R113 (Methylation),1,1,175,0.017142857142857144
SE,ENSG00000102606,ARHGEF7,13,+,111861612,111861693,chr13:111861612-111861693,111857635,111857720,111862218,111862349,"0,0,0","32,36,34","7,22,9","24,30,45",140,78,1.44500909793e-07,9.08736786318e-05,"0.0,0.0,0.0","0.14,0.29,0.1",-0.177,http://genome.ucsc.edu/cgi-bin/hgTracks?db=hg19&position=chr13+111857630+111862354,,SE_106,,0,0,81,0.0
SE,ENSG00000182473,EXOC7,17,-,74087223,74087316,chr17:74087223-74087316,74085255,74085401,74090494,74090662,"220,312,251","64,88,79","141,216,199","80,123,125",172,86,1.53132416525e-07,9.54183541097e-05,"0.632,0.639,0.614","0.468,0.468,0.443",0.169,http://genome.ucsc.edu/cgi-bin/hgTracks?db=hg19&position=chr17+74085250+74090667,,SE_107,Q9UPT5_S283 (Phosphorylation)/Q9UPT5_T271 (Phosphorylation)/Q9UPT5_K291 (Ubiquitination)/Q9UPT5_K280 (Ubiquitination)/Q9UPT5_K274 (Ubiquitination),5,5,93,0.16129032258064516
SE,ENSG00000088305,DNMT3B,20,+,31394014,31394133,chr20:31394014-31394133,31390190,31390276,31395567,31397162,"14,20,12","7,7,15","22,46,67","1,3,1",184,79,2.10748047236e-07,0.00013012542382,"0.462,0.551,0.256","0.904,0.868,0.966",-0.49,http://genome.ucsc.edu/cgi-bin/hgTracks?db=hg19&position=chr20+31390185+31397167,,SE_108,Q9UBC3_K777 (Ubiquitination)/Q9UBC3_S780 (Phosphorylation),2,2,119,0.05042016806722689
SE,ENSG00000197694,SPTAN1,9,+,131355261,131355321,chr9:131355261-131355321,131353755,131353904,131356453,131356652,"227,335,311","24,28,11","216,403,364","3,12,2",106,86,2.28700639981e-07,0.000139885703868,"0.885,0.907,0.958","0.983,0.965,0.993",-0.064,http://genome.ucsc.edu/cgi-bin/hgTracks?db=hg19&position=chr9+131353750+131356657,,SE_109,Q13813_T1053 (Phosphorylation)/Q13813_K1057 (Ubiquitination)/Q13813_S1061 (Phosphorylation)/Q13813_S1063 (Phosphorylation)/Q13813_K1067 (Ubiquitination),5,5,60,0.25
SE,ENSG00000163681,SLMAP,3,+,57911571,57911661,chr3:57911571-57911661,57908615,57908750,57913022,57913674,"111,138,108","41,42,34","67,113,102","65,84,68",166,86,2.39648898726e-07,0.000144041712855,"0.584,0.63,0.622","0.348,0.411,0.437",0.213,http://genome.ucsc.edu/cgi-bin/hgTracks?db=hg19&position=chr3+57908610+57913679,,SE_110,,0,0,90,0.0
SE,ENSG00000167107,ACSF2,17,+,48538602,48538648,chr17:48538602-48538648,48538037,48538233,48538993,48539047,"61,103,98","4,1,0","54,92,80","7,13,20",39,47,2.72399249046e-07,0.000162290215754,"0.948,0.992,1.0","0.903,0.895,0.828",0.105,http://genome.ucsc.edu/cgi-bin/hgTracks?db=hg19&position=chr17+48538032+48539052,,SE_111,,0,0,46,0.0
SE,ENSG00000196776,CD47,3,-,107769424,107769449,chr3:107769424-107769449,107765925,107766139,107776323,107776416,"7,13,11","108,160,121","25,34,41","101,150,140",36,86,3.11241639017e-07,0.000183819312003,"0.134,0.163,0.178","0.372,0.351,0.412",-0.22,http://genome.ucsc.edu/cgi-bin/hgTracks?db=hg19&position=chr3+107765920+107776421,,SE_112,Q08722_K304 (Ubiquitination),1,1,25,0.12
SE,ENSG00000167107,ACSF2,17,+,48538602,48538731,chr17:48538602-48538731,48538037,48538233,48538993,48539047,"129,194,180","4,1,0","102,168,147","7,13,20",162,47,3.15222097869e-07,0.000184565255734,"0.903,0.983,1.0","0.809,0.789,0.681",0.202,http://genome.ucsc.edu/cgi-bin/hgTracks?db=hg19&position=chr17+48538032+48539052,,SE_113,,0,0,129,0.0
SE,ENSG00000136153,LMO7,13,+,76383289,76383319,chr13:76383289-76383319,76378424,76378677,76391296,76391414,"93,119,111","20,25,15","90,133,115","45,60,59",46,86,3.18840661984e-07,0.000185088366849,"0.897,0.899,0.933","0.789,0.806,0.785",0.116,http://genome.ucsc.edu/cgi-bin/hgTracks?db=hg19&position=chr13+76378419+76391419,,SE_114,,0,0,30,0.0
SE,ENSG00000177674,AGTRAP,1,+,11808471,11808667,chr1:11808471-11808667,11807568,11807602,11810133,11810635,"380,583,530","0,0,1","392,602,651","8,11,16",209,27,3.22243715933e-07,0.000185478567309,"1.0,1.0,0.986","0.864,0.876,0.84",0.135,http://genome.ucsc.edu/cgi-bin/hgTracks?db=hg19&position=chr1+11807563+11810640,,SE_115,Q6RW13_R113 (Methylation),1,1,196,0.015306122448979591
SE,ENSG00000137693,YAP1,11,+,102080247,102080295,chr11:102080247-102080295,102076623,102076817,102094352,102094483,"83,92,92","32,53,54","98,175,200","23,42,32",82,86,3.70135742389e-07,0.000211254197372,"0.731,0.645,0.641","0.817,0.814,0.868",-0.161,http://genome.ucsc.edu/cgi-bin/hgTracks?db=hg19&position=chr11+102076618+102094488,,SE_116,P46937_S340 (Phosphorylation)/P46937_K342 (Ubiquitination),2,2,48,0.125
SE,ENSG00000196924,FLNA,X,-,153585618,153585642,chrX:153585618-153585642,153583192,153583440,153585801,153585991,"388,517,405","410,602,470","327,496,507","645,889,903",34,86,3.92737627863e-07,0.000222286224557,"0.705,0.685,0.685","0.562,0.585,0.587",0.114,http://genome.ucsc.edu/cgi-bin/hgTracks?db=hg19&position=chrX+153583187+153585996,,SE_117,,0,0,24,0.0
SE,ENSG00000196498,NCOR2,12,-,124811954,124812179,chr12:124811954-124812179,124810736,124810916,124815390,124815444,"368,565,567","56,79,62","511,804,823","37,43,55",258,47,4.16868152109e-07,0.000233993950604,"0.545,0.566,0.625","0.716,0.773,0.732",-0.162,http://genome.ucsc.edu/cgi-bin/hgTracks?db=hg19&position=chr12+124810731+124815449,,SE_118,Q9Y618_S2393 (Phosphorylation),1,1,225,0.013333333333333334
SE,ENSG00000026508,CD44,11,+,35219667,35219793,chr11:35219667-35219793,35211381,35211612,35229651,35229753,"28,35,42","58,116,85","93,150,140","110,155,154",198,86,5.38687454754e-07,0.000299894370815,"0.173,0.116,0.177","0.269,0.296,0.283",-0.127,http://genome.ucsc.edu/cgi-bin/hgTracks?db=hg19&position=chr11+35211376+35229758,,SE_119,P16070_S291 (Phosphorylation)/P16070_S305 (Phosphorylation),2,2,126,0.047619047619047616
SE,ENSG00000109458,GAB1,4,+,144355240,144355321,chr4:144355240-144355321,144354643,144354869,144359151,144359194,"9,4,6","27,33,40","21,27,21","22,27,30",98,36,6.70986771367e-07,0.000370510166866,"0.109,0.043,0.052","0.26,0.269,0.205",-0.177,http://genome.ucsc.edu/cgi-bin/hgTracks?db=hg19&position=chr4+144354638+144359199,,SE_120,,0,0,81,0.0
SE,ENSG00000171307,ZDHHC16,10,+,99213555,99213603,chr10:99213555-99213603,99213286,99213420,99214470,99214556,"30,69,42","14,21,23","59,71,77","2,8,10",75,79,9.35085803011e-07,0.00051217816657,"0.693,0.776,0.658","0.969,0.903,0.89",-0.212,http://genome.ucsc.edu/cgi-bin/hgTracks?db=hg19&position=chr10+99213281+99214561,,SE_121,,0,0,48,0.0
SE,ENSG00000108278,ZNHIT3,17,+,34842778,34842810,chr17:34842778-34842810,34842478,34842629,34848656,34848743,"200,295,243","28,66,35","176,322,317","9,33,15",44,80,9.59368309683e-07,0.000521274689803,"0.929,0.89,0.927","0.973,0.947,0.975",-0.05,http://genome.ucsc.edu/cgi-bin/hgTracks?db=hg19&position=chr17+34842473+34848748,,SE_122,,0,0,32,0.0
SE,ENSG00000026508,CD44,11,+,35231511,35231601,chr11:35231511-35231601,35211381,35211612,35236398,35236461,"0,3,1","75,92,90","1,5,3","10,10,16",136,56,1.22455538276e-06,0.000660083944775,"0.0,0.013,0.005","0.04,0.171,0.072",-0.088,http://genome.ucsc.edu/cgi-bin/hgTracks?db=hg19&position=chr11+35211376+35236466,,SE_123,P16070_S514 (Glycosylation)/P16070_T515 (Glycosylation)/P16070_T528 (Glycosylation)/P16070_T529 (Glycosylation),4,4,90,0.13333333333333333
SE,ENSG00000026508,CD44,11,+,35231511,35231601,chr11:35231511-35231601,35211381,35211612,35232792,35232889,"79,104,100","7,7,5","182,270,265","1,1,3",166,86,1.25029769482e-06,0.000668653300271,"0.854,0.885,0.912","0.99,0.993,0.979",-0.104,http://genome.ucsc.edu/cgi-bin/hgTracks?db=hg19&position=chr11+35211376+35232894,,SE_124,P16070_S514 (Glycosylation)/P16070_T515 (Glycosylation)/P16070_T528 (Glycosylation)/P16070_T529 (Glycosylation),4,4,90,0.13333333333333333
SE,ENSG00000149657,LSM14B,20,+,60705274,60705352,chr20:60705274-60705352,60704840,60705008,60705585,60705747,"220,368,270","9,18,15","209,400,417","33,44,53",142,86,1.5010585297e-06,0.000796487455302,"0.937,0.925,0.916","0.793,0.846,0.827",0.104,http://genome.ucsc.edu/cgi-bin/hgTracks?db=hg19&position=chr20+60704835+60705752,,SE_125,Q9BX40_S224 (Phosphorylation),1,1,78,0.038461538461538464
SE,ENSG00000171703,TCEA2,20,+,62699399,62699487,chr20:62699399-62699487,62698267,62698373,62700713,62700844,"160,235,181","0,0,0","148,225,226","3,14,10",162,86,1.71334590637e-06,0.000895542396475,"1.0,1.0,1.0","0.963,0.895,0.923",0.073,http://genome.ucsc.edu/cgi-bin/hgTracks?db=hg19&position=chr20+62698262+62700849,,SE_126,Q15560_S83 (Phosphorylation)/Q15560_R92 (Methylation)/Q15560_T98 (Phosphorylation)/Q15560_S104 (Phosphorylation)/Q15560_S110 (Phosphorylation)/Q15560_S100 (Phosphorylation),6,6,88,0.20454545454545456
SE,ENSG00000172965,AC068491.1,2,-,112005724,112005818,chr2:112005724-112005818,111965352,111966238,112101637,112101814,"61,111,77","11,17,12","61,116,111","2,2,3",172,86,1.7226819059e-06,0.000895542396475,"0.735,0.766,0.762","0.938,0.967,0.949",-0.197,http://genome.ucsc.edu/cgi-bin/hgTracks?db=hg19&position=chr2+111965347+112101819,,SE_127,,0,0,94,0.0
SE,ENSG00000117143,UAP1,1,+,162562521,162562572,chr1:162562521-162562572,162560112,162560301,162567581,162567648,"74,84,71","12,18,24","87,124,140","3,13,5",62,60,1.72729359882e-06,0.000895542396475,"0.856,0.819,0.741","0.966,0.902,0.964",-0.139,http://genome.ucsc.edu/cgi-bin/hgTracks?db=hg19&position=chr1+162560107+162567653,,SE_128,,0,0,51,0.0
SE,ENSG00000173442,EHBP1L1,11,+,65351062,65351236,chr11:65351062-65351236,65349369,65349436,65351711,65351869,"294,357,389","27,26,30","395,695,649","21,15,17",220,60,2.73326279399e-06,0.00138537668437,"0.748,0.789,0.78","0.837,0.927,0.912",-0.12,http://genome.ucsc.edu/cgi-bin/hgTracks?db=hg19&position=chr11+65349364+65351874,,SE_129,Q8N3D4_S993 (Phosphorylation)/Q8N3D4_S998 (Phosphorylation)/Q8N3D4_S1016 (Phosphorylation)/Q8N3D4_S1017 (Phosphorylation),4,4,174,0.06896551724137931
SE,ENSG00000100320,RBFOX2,22,-,36152151,36152191,chr22:36152151-36152191,36142519,36142608,36155934,36156067,"50,72,47","19,24,15","39,48,43","32,56,36",62,82,3.66614053238e-06,0.00184444888014,"0.777,0.799,0.806","0.617,0.531,0.612",0.207,http://genome.ucsc.edu/cgi-bin/hgTracks?db=hg19&position=chr22+36142514+36156072,,SE_130,,0,0,40,0.0
SE,ENSG00000028310,BRD9,5,-,868721,869234,chr5:868721-869234,865528,865696,869359,869519,"117,165,163","30,58,61","155,310,269","28,38,43",585,86,4.37021655331e-06,0.00218250542709,"0.364,0.295,0.282","0.449,0.545,0.479",-0.177,http://genome.ucsc.edu/cgi-bin/hgTracks?db=hg19&position=chr5+865523+869524,,SE_131,,0,0,513,0.0
SE,ENSG00000090989,EXOC1,4,+,56755053,56755098,chr4:56755053-56755098,56749988,56750094,56756388,56756552,"28,50,41","13,30,23","43,79,69","8,9,16",76,86,6.11555461227e-06,0.00303184199789,"0.709,0.653,0.669","0.859,0.909,0.83",-0.189,http://genome.ucsc.edu/cgi-bin/hgTracks?db=hg19&position=chr4+56749983+56756557,,SE_132,Q9NV70_T445 (Phosphorylation)/Q9NV70_S451 (Phosphorylation)/Q9NV70_S459 (Phosphorylation)/Q9NV70_T457 (Phosphorylation),4,4,45,0.26666666666666666
SE,ENSG00000141524,TMC6,17,-,76117636,76117792,chr17:76117636-76117792,76117093,76117245,76118685,76118830,"247,392,265","2,1,2","276,479,522","12,18,19",228,86,6.89935699871e-06,0.0033956335362,"0.979,0.993,0.98","0.897,0.909,0.912",0.078,http://genome.ucsc.edu/cgi-bin/hgTracks?db=hg19&position=chr17+76117088+76118835,,SE_133,Q7Z403_S420 (Phosphorylation),1,1,156,0.019230769230769232
SE,ENSG00000120802,TMPO,12,+,98938728,98938839,chr12:98938728-98938839,98931252,98931350,98940136,98940225,"295,446,366","38,23,40","298,549,461","17,16,13",179,82,7.31985580582e-06,0.00357667112572,"0.781,0.899,0.807","0.889,0.94,0.942",-0.095,http://genome.ucsc.edu/cgi-bin/hgTracks?db=hg19&position=chr12+98931247+98940230,,SE_134,P42167_T299 (Phosphorylation)/P42167_K303 (Ubiquitination)/P42167_K303 (Methylation)/P42167_S306 (Phosphorylation)/P42167_T312 (Phosphorylation)/P42167_S315 (Phosphorylation)/P42167_K323 (Ubiquitination)/P42167_K324 (Ubiquitination)/P42167_R320 (Citrullination),9,8,111,0.21621621621621623
SE,ENSG00000107938,C10orf137,10,+,127417571,127417673,chr10:127417571-127417673,127414250,127414407,127417926,127418048,"33,35,39","19,17,25","46,71,84","7,16,13",174,86,7.915992429e-06,0.00384033064132,"0.462,0.504,0.435","0.765,0.687,0.762",-0.271,http://genome.ucsc.edu/cgi-bin/hgTracks?db=hg19&position=chr10+127414245+127418053,,SE_135,,0,0,102,0.0
SE,ENSG00000111237,VPS29,12,-,110936624,110936664,chr12:110936624-110936664,110933816,110934008,110939853,110939883,"19,23,23","51,72,59","15,27,36","122,214,206",33,23,8.14421977335e-06,0.00392303023253,"0.206,0.182,0.214","0.079,0.081,0.109",0.111,http://genome.ucsc.edu/cgi-bin/hgTracks?db=hg19&position=chr12+110933811+110939888,,SE_136,,0,0,40,0.0
SE,ENSG00000164144,ARFIP1,4,+,153791904,153792000,chr4:153791904-153792000,153784757,153784866,153793603,153793716,"56,98,87","80,111,85","85,149,180","56,93,97",172,86,8.40890465603e-06,0.00402200278403,"0.259,0.306,0.339","0.431,0.445,0.481",-0.151,http://genome.ucsc.edu/cgi-bin/hgTracks?db=hg19&position=chr4+153784752+153793721,,SE_137,P53367_S69 (Phosphorylation)/P53367_S76 (Phosphorylation)/P53367_S79 (Phosphorylation)/P53367_S93 (Phosphorylation)/P53367_S81 (Phosphorylation),5,5,96,0.15625
SE,ENSG00000196535,MYO18A,17,-,27443461,27443473,chr17:27443461-27443473,27442681,27442858,27445062,27445207,"7,12,12","5,8,13","19,27,31","6,2,2",10,86,8.53324551575e-06,0.00405293358171,"0.923,0.928,0.888","0.965,0.991,0.993",-0.07,http://genome.ucsc.edu/cgi-bin/hgTracks?db=hg19&position=chr17+27442676+27445212,,SE_138,,0,0,12,0.0
SE,ENSG00000130779,CLIP1,12,-,122831921,122832026,chr12:122831921-122832026,122825299,122826244,122837272,122837333,"12,10,16","39,65,68","6,1,8","65,114,105",145,54,9.06375786913e-06,0.00427500951884,"0.103,0.054,0.081","0.033,0.003,0.028",0.058,http://genome.ucsc.edu/cgi-bin/hgTracks?db=hg19&position=chr12+122825294+122837338,,SE_139,P30622_T501 (Phosphorylation),1,1,105,0.02857142857142857
SE,ENSG00000026508,CD44,11,+,35218292,35218421,chr11:35218292-35218421,35211381,35211612,35229651,35229756,"8,7,7","58,116,85","25,53,34","110,155,154",201,86,1.09679497334e-05,0.00513746329616,"0.056,0.025,0.034","0.089,0.128,0.086",-0.063,http://genome.ucsc.edu/cgi-bin/hgTracks?db=hg19&position=chr11+35211376+35229761,,SE_140,,0,0,129,0.0
SE,ENSG00000103168,TAF1C,16,-,84218456,84218595,chr16:84218456-84218595,84217302,84217384,84220506,84220595,"156,204,168","2,4,0","104,186,225","5,16,16",196,71,1.10518555592e-05,0.00514130806661,"0.966,0.949,1.0","0.883,0.808,0.836",0.129,http://genome.ucsc.edu/cgi-bin/hgTracks?db=hg19&position=chr16+84217297+84220600,,SE_141,,0,0,139,0.0
SE,ENSG00000136068,FLNB,3,+,58117653,58117746,chr3:58117653-58117746,58116467,58116635,58118534,58118658,"125,224,148","192,218,189","116,151,149","215,311,364",172,86,1.17173012542e-05,0.00537915638752,"0.246,0.339,0.281","0.212,0.195,0.17",0.096,http://genome.ucsc.edu/cgi-bin/hgTracks?db=hg19&position=chr3+58116462+58118663,,SE_142,O75369_T1467 (Phosphorylation)/O75369_S1469 (Phosphorylation)/O75369_S1474 (Phosphorylation)/O75369_S1480 (Phosphorylation)/O75369_K1484 (Ubiquitination),5,5,93,0.16129032258064516
SE,ENSG00000024526,DEPDC1,1,-,68947728,68948580,chr1:68947728-68948580,68947122,68947295,68949632,68949773,"1187,1629,1455","38,58,40","1245,1873,1860","23,30,23",924,86,1.1775879083e-05,0.00537915638752,"0.744,0.723,0.772","0.834,0.853,0.883",-0.11,http://genome.ucsc.edu/cgi-bin/hgTracks?db=hg19&position=chr1+68947117+68949778,,SE_143,Q5TB30_S523 (Phosphorylation)/Q5TB30_S512 (Phosphorylation)/Q5TB30_K484 (Methylation)/Q5TB30_S471 (Phosphorylation)/Q5TB30_S444 (Phosphorylation)/Q5TB30_S422 (Phosphorylation)/Q5TB30_S391 (Phosphorylation)/Q5TB30_S361 (Phosphorylation)/Q5TB30_K356 (Acetylation)/Q5TB30_S348 (Phosphorylation)/Q5TB30_S341 (Phosphorylation)/Q5TB30_S338 (Phosphorylation)/Q5TB30_K320 (Ubiquitination)/Q5TB30_K329 (Ubiquitination)/Q5TB30_T362 (Phosphorylation)/Q5TB30_T342 (Phosphorylation),16,16,852,0.056338028169014086
SE,ENSG00000066468,FGFR2,10,-,123276832,123276977,chr10:123276832-123276977,123274636,123274833,123278195,123278343,"8,7,8","2,5,6","0,3,1","14,13,12",217,86,1.41444311832e-05,0.00640450414355,"0.613,0.357,0.346","0.0,0.084,0.032",0.4,http://genome.ucsc.edu/cgi-bin/hgTracks?db=hg19&position=chr10+123274631+123278348,,SE_144,P21802_S347 (Phosphorylation)/P21802_N331 (Glycosylation)/P21802_N318 (Glycosylation),3,3,145,0.06206896551724138
SE,ENSG00000130396,MLLT4,6,+,168314082,168314103,chr6:168314082-168314103,168311963,168312169,168314847,168314993,"7,6,6","94,131,99","16,20,23","57,132,85",28,86,1.54633856353e-05,0.00695534893354,"0.186,0.123,0.157","0.463,0.318,0.454",-0.256,http://genome.ucsc.edu/cgi-bin/hgTracks?db=hg19&position=chr6+168311958+168314998,,SE_145,,0,0,21,0.0
SE,ENSG00000141349,G6PC3,17,+,42152336,42152455,chr17:42152336-42152455,42152047,42152138,42152677,42152819,"221,399,280","19,25,27","195,323,357","27,72,54",189,84,1.76366927034e-05,0.00788070086659,"0.838,0.876,0.822","0.762,0.666,0.746",0.121,http://genome.ucsc.edu/cgi-bin/hgTracks?db=hg19&position=chr17+42152042+42152824,,SE_146,,0,0,119,0.0
SE,ENSG00000117000,RLF,1,+,40667599,40667688,chr1:40667599-40667688,40661303,40661436,40668083,40668189,"6,4,4","46,64,46","16,15,22","50,49,46",164,86,1.84832010304e-05,0.00815169175834,"0.064,0.032,0.044","0.144,0.138,0.201",-0.114,http://genome.ucsc.edu/cgi-bin/hgTracks?db=hg19&position=chr1+40661298+40668194,,SE_147,,0,0,89,0.0
SE,ENSG00000178209,PLEC,8,-,144996671,145000052,chr8:144996671-145000052,144989320,144996563,145000951,145001050,"13967,16895,15853","95,137,125","14355,25830,24497","68,116,118",3453,86,1.91474644874e-05,0.00839017187432,"0.785,0.754,0.76","0.84,0.847,0.838",-0.075,http://genome.ucsc.edu/cgi-bin/hgTracks?db=hg19&position=chr8+144989315+145001055,,SE_148,Q15149_K2604 (Ubiquitination)/Q15149_S2578 (Phosphorylation)/Q15149_S2516 (Phosphorylation)/Q15149_S2378 (Phosphorylation)/Q15149_S2369 (Phosphorylation)/Q15149_S2361 (Phosphorylation)/Q15149_T2354 (Phosphorylation)/Q15149_K2350 (Ubiquitination)/Q15149_K2274 (Acetylation)/Q15149_K2255 (Acetylation)/Q15149_K2189 (Acetylation)/Q15149_K2182 (Acetylation)/Q15149_T2053 (Phosphorylation)/Q15149_S2039 (Phosphorylation)/Q15149_T1983 (Phosphorylation)/Q15149_K1975 (Acetylation)/Q15149_R1942 (Methylation)/Q15149_K1908 (Acetylation)/Q15149_S1907 (Phosphorylation)/Q15149_R1812 (Methylation)/Q15149_K1774 (Acetylation)/Q15149_S1732 (Phosphorylation)/Q15149_T1726 (Phosphorylation)/Q15149_K1725 (Acetylation)/Q15149_S1721 (Phosphorylation)/Q15149_K1718 (Ubiquitination)/Q15149_S1717 (Phosphorylation)/Q15149_S1644 (Phosphorylation)/Q15149_R1637 (Methylation)/Q15149_R1627 (Methylation)/Q15149_R1605 (Methylation)/Q15149_S1565 (Phosphorylation)/Q15149_S1554 (Phosphorylation)/Q15149_K1508 (Ubiquitination)/Q15149_K2609 (Ubiquitination)/Q15149_K2473 (Ubiquitination)/Q15149_K2447 (Ubiquitination)/Q15149_K2409 (Ubiquitination)/Q15149_K2379 (Ubiquitination)/Q15149_K2339 (Ubiquitination)/Q15149_T2314 (Phosphorylation)/Q15149_K2274 (Ubiquitination)/Q15149_K2198 (Ubiquitination)/Q15149_K2182 (Ubiquitination)/Q15149_K2142 (Ubiquitination)/Q15149_K2078 (Ubiquitination)/Q15149_K2047 (Ubiquitination)/Q15149_K2025 (Ubiquitination)/Q15149_T1859 (Phosphorylation)/Q15149_K1792 (Ubiquitination)/Q15149_K1725 (Ubiquitination)/Q15149_K1573 (Ubiquitination)/Q15149_K1552 (Ubiquitination)/Q15149_S1566 (Phosphorylation),54,51,3381,0.04525288376220053
SE,ENSG00000100280,AP1B1,22,-,29725700,29725709,chr22:29725700-29725709,29723670,29724884,29726366,29726521,"4,8,6","150,233,199","0,2,0","230,373,375",4,86,1.97771572499e-05,0.00860368620819,"0.364,0.425,0.393","0.0,0.103,0.0",0.36,http://genome.ucsc.edu/cgi-bin/hgTracks?db=hg19&position=chr22+29723665+29726526,,SE_149,,0,0,9,0.0
SE,ENSG00000106080,FKBP14,7,-,30059828,30059920,chr7:30059828-30059920,30058611,30058739,30062280,30062432,"16,33,13","12,34,11","30,29,42","6,9,10",170,86,1.98880833741e-05,0.00860368620819,"0.403,0.329,0.374","0.717,0.62,0.68",-0.304,http://genome.ucsc.edu/cgi-bin/hgTracks?db=hg19&position=chr7+30058606+30062437,,SE_150,,0,0,92,0.0
SE,ENSG00000139182,CLSTN3,12,+,7310084,7310287,chr12:7310084-7310287,7303523,7303659,7310536,7311541,"208,289,249","0,1,0","170,317,312","9,7,10",275,86,2.12865031417e-05,0.00915036713216,"1.0,0.989,1.0","0.855,0.934,0.907",0.098,http://genome.ucsc.edu/cgi-bin/hgTracks?db=hg19&position=chr12+7303518+7311546,,SE_151,Q9BQT9_S878 (Phosphorylation),1,1,203,0.014778325123152709
SE,ENSG00000064787,BCAS1,20,-,52573970,52574036,chr20:52573970-52574036,52569970,52570234,52583444,52583612,"6,17,18","8,6,6","31,41,43","1,3,0",118,86,2.46885308236e-05,0.0105460397799,"0.353,0.674,0.686","0.958,0.909,1.0",-0.385,http://genome.ucsc.edu/cgi-bin/hgTracks?db=hg19&position=chr20+52569965+52583617,,SE_152,O75363_S451 (Phosphorylation),1,1,66,0.045454545454545456
SE,ENSG00000105699,LSR,19,+,35753448,35753595,chr19:35753448-35753595,35752827,35752884,35757261,35757435,"412,525,536","1,6,1","329,580,546","7,16,16",183,50,2.61937078044e-05,0.0111190652523,"0.991,0.96,0.993","0.928,0.908,0.903",0.068,http://genome.ucsc.edu/cgi-bin/hgTracks?db=hg19&position=chr19+35752822+35757440,,SE_153,,0,0,147,0.0
SE,ENSG00000063176,SPHK2,19,+,49131937,49132983,chr19:49131937-49132983,49131418,49131534,49133690,49133973,"314,365,392","1,0,0","216,370,410","12,8,6",1118,86,3.0864416357e-05,0.0129400018182,"0.96,1.0,1.0","0.581,0.781,0.84",0.253,http://genome.ucsc.edu/cgi-bin/hgTracks?db=hg19&position=chr19+49131413+49133978,,SE_154,Q9NRA0_S355 (Phosphorylation)/Q9NRA0_T359 (Phosphorylation)/Q9NRA0_T368 (Phosphorylation)/Q9NRA0_T371 (Phosphorylation)/Q9NRA0_Y372 (Phosphorylation)/Q9NRA0_Y378 (Phosphorylation)/Q9NRA0_S387 (Phosphorylation)/Q9NRA0_S399 (Phosphorylation)/Q9NRA0_T402 (Phosphorylation)/Q9NRA0_T404 (Phosphorylation)/Q9NRA0_S414 (Phosphorylation)/Q9NRA0_S419 (Phosphorylation)/Q9NRA0_S421 (Phosphorylation)/Q9NRA0_S473 (Phosphorylation)/Q9NRA0_S477 (Phosphorylation)/Q9NRA0_S484 (Phosphorylation)/Q9NRA0_T614 (Phosphorylation)/Q9NRA0_T389 (Phosphorylation)/Q9NRA0_S393 (Phosphorylation),19,19,1046,0.05449330783938815
SE,ENSG00000133961,NUMB,14,-,73745988,73746132,chr14:73745988-73746132,73743653,73744001,73749066,73749213,"185,242,276","83,120,103","284,425,482","84,110,116",216,86,4.79477351202e-05,0.0198570867172,"0.47,0.445,0.516","0.574,0.606,0.623",-0.124,http://genome.ucsc.edu/cgi-bin/hgTracks?db=hg19&position=chr14+73743648+73749218,,SE_155,P49757_S413 (Phosphorylation),1,1,144,0.020833333333333332
SE,ENSG00000061987,MON2,12,+,62959793,62959811,chr12:62959793-62959811,62959016,62959160,62960101,62960230,"20,10,13","6,10,15","7,15,14","25,47,35",22,86,4.84130366433e-05,0.0199282729441,"0.929,0.796,0.772","0.523,0.555,0.61",0.27,http://genome.ucsc.edu/cgi-bin/hgTracks?db=hg19&position=chr12+62959011+62960235,,SE_156,,0,0,18,0.0
SE,ENSG00000111731,KIAA0528,12,-,22671973,22672173,chr12:22671973-22672173,22671029,22671071,22676359,22676558,"16,14,7","39,57,49","17,23,19","13,44,23",221,35,5.14187042702e-05,0.0209813958148,"0.061,0.037,0.022","0.172,0.076,0.116",-0.081,http://genome.ucsc.edu/cgi-bin/hgTracks?db=hg19&position=chr12+22671024+22676563,,SE_157,,0,0,200,0.0
SE,ENSG00000197965,MPZL1,1,+,167745300,167745403,chr1:167745300-167745403,167742472,167742605,167757056,167757990,"392,601,389","26,30,21","374,588,636","4,17,16",175,86,5.18534021026e-05,0.0209813958148,"0.881,0.908,0.901","0.979,0.944,0.951",-0.061,http://genome.ucsc.edu/cgi-bin/hgTracks?db=hg19&position=chr1+167742467+167757995,,SE_158,O95297_S204 (Phosphorylation)/O95297_T205 (Phosphorylation)/O95297_S206 (Phosphorylation)/O95297_S208 (Phosphorylation)/O95297_S210 (Phosphorylation)/O95297_K213 (Ubiquitination)/O95297_S219 (Phosphorylation)/O95297_S221 (Phosphorylation)/O95297_T223 (Phosphorylation)/O95297_S229 (Phosphorylation)/O95297_S232 (Phosphorylation)/O95297_S234 (Phosphorylation)/O95297_K218 (Ubiquitination)/O95297_K228 (Ubiquitination),14,14,103,0.4077669902912621
SE,ENSG00000120802,TMPO,12,+,98938219,98938315,chr12:98938219-98938315,98931252,98931350,98940136,98940225,"6,8,5","38,23,40","9,13,16","17,16,13",168,82,5.20297074811e-05,0.0209813958148,"0.072,0.145,0.058","0.205,0.284,0.375",-0.196,http://genome.ucsc.edu/cgi-bin/hgTracks?db=hg19&position=chr12+98931247+98940230,,SE_159,P42167_T264 (Phosphorylation)/P42167_S265 (Phosphorylation)/P42167_S276 (Phosphorylation)/P42167_T279 (Phosphorylation)/P42167_T284 (Phosphorylation)/P42167_S288 (Phosphorylation)/P42167_S289 (Phosphorylation)/P42167_S292 (Phosphorylation)/P42167_S278 (Phosphorylation),9,9,96,0.28125
SE,ENSG00000135525,MAP7,6,-,136704808,136704919,chr6:136704808-136704919,136698892,136699006,136709530,136709648,"86,150,117","2,5,10","75,134,158","17,19,24",183,86,5.40544557396e-05,0.0215960269375,"0.953,0.934,0.846","0.675,0.768,0.756",0.178,http://genome.ucsc.edu/cgi-bin/hgTracks?db=hg19&position=chr6+136698887+136709653,,SE_160,Q14244_S209 (Phosphorylation)/Q14244_T205 (Phosphorylation)/Q14244_S203 (Phosphorylation)/Q14244_S202 (Phosphorylation)/Q14244_S201 (Phosphorylation)/Q14244_S200 (Phosphorylation)/Q14244_Y190 (Phosphorylation)/Q14244_S188 (Phosphorylation)/Q14244_T184 (Phosphorylation)/Q14244_S183 (Phosphorylation)/Q14244_S181 (Phosphorylation),11,11,111,0.2972972972972973
SE,ENSG00000135341,MAP3K7,6,-,91254270,91254351,chr6:91254270-91254351,91246055,91246120,91256976,91257106,"28,41,24","27,33,39","33,52,55","10,24,19",120,58,5.80631610144e-05,0.0229646836607,"0.334,0.375,0.229","0.615,0.512,0.583",-0.257,http://genome.ucsc.edu/cgi-bin/hgTracks?db=hg19&position=chr6+91246050+91257111,,SE_161,O43318_S417 (Phosphorylation)/O43318_T415 (Phosphorylation)/O43318_S406 (Phosphorylation)/O43318_Y405 (Phosphorylation),4,4,81,0.14814814814814814
SE,ENSG00000198561,CTNND1,11,+,57556508,57556627,chr11:57556508-57556627,57529268,57529591,57558856,57559145,"122,233,157","7,15,14","20,34,19","6,9,4",191,86,5.81564155779e-05,0.0229646836607,"0.887,0.875,0.835","0.6,0.63,0.681",0.229,http://genome.ucsc.edu/cgi-bin/hgTracks?db=hg19&position=chr11+57529263+57559150,,SE_162,,0,0,119,0.0
SE,ENSG00000072518,MARK2,11,+,63673559,63673586,chr11:63673559-63673586,63672257,63672515,63676348,63677051,"3,3,1","16,20,21","7,17,15","9,11,23",40,86,6.42842555205e-05,0.0252377014491,"0.287,0.244,0.093","0.626,0.769,0.584",-0.452,http://genome.ucsc.edu/cgi-bin/hgTracks?db=hg19&position=chr11+63672252+63677056,,SE_163,Q7KZI7_S648 (Phosphorylation),1,1,27,0.1111111111111111
SE,ENSG00000223756,TSSC2,11,+,3418346,3418636,chr11:3418346-3418636,3405396,3405514,3422988,3423097,"249,360,307","5,15,10","255,404,447","0,2,5",362,86,6.60615694015e-05,0.0257864122539,"0.922,0.851,0.879","1.0,0.98,0.955",-0.094,http://genome.ucsc.edu/cgi-bin/hgTracks?db=hg19&position=chr11+3405391+3423102,,SE_164,,0,0,290,0.0
SE,ENSG00000117114,LPHN2,1,+,82418670,82418709,chr1:82418670-82418709,82417640,82417826,82421560,82421744,"70,94,71","85,69,95","26,47,57","72,106,116",64,86,7.26931618906e-05,0.028212489896,"0.525,0.647,0.501","0.327,0.373,0.398",0.192,http://genome.ucsc.edu/cgi-bin/hgTracks?db=hg19&position=chr1+82417635+82421749,,SE_165,,0,0,39,0.0
SE,ENSG00000198901,PRC1,15,-,91512308,91512350,chr15:91512308-91512350,91509694,91509883,91512676,91512853,"55,63,62","12,13,13","28,36,31","11,24,32",70,86,8.65484578737e-05,0.0330240714063,"0.849,0.856,0.854","0.758,0.648,0.543",0.203,http://genome.ucsc.edu/cgi-bin/hgTracks?db=hg19&position=chr15+91509689+91512858,,SE_166,O43663_T593 (Phosphorylation)/O43663_S592 (Phosphorylation)/O43663_S591 (Phosphorylation)/O43663_S589 (Phosphorylation)/O43663_S587 (Phosphorylation),5,5,42,0.35714285714285715
SE,ENSG00000164828,SUN1,7,+,891020,891119,chr7:891020-891119,889559,889670,891586,891680,"241,329,343","3,7,8","226,373,387","11,24,24",172,86,9.13822654532e-05,0.0344810671518,"0.976,0.959,0.955","0.911,0.886,0.89",0.068,http://genome.ucsc.edu/cgi-bin/hgTracks?db=hg19&position=chr7+889554+891685,,SE_167,,0,0,99,0.0
SE,ENSG00000133315,MACROD1,11,-,63766309,63766344,chr11:63766309-63766344,63766031,63766159,63766426,63766694,"51,59,57","9,9,18","52,96,76","2,2,8",56,86,9.20069843021e-05,0.034524985452,"0.897,0.91,0.829","0.976,0.987,0.936",-0.088,http://genome.ucsc.edu/cgi-bin/hgTracks?db=hg19&position=chr11+63766026+63766699,,SE_168,,0,0,35,0.0
SE,ENSG00000103168,TAF1C,16,-,84218456,84218505,chr16:84218456-84218505,84217302,84217384,84220506,84220662,"83,106,89","2,4,0","58,114,139","5,16,16",73,75,9.42206557709e-05,0.0349692498323,"0.977,0.965,1.0","0.923,0.88,0.899",0.08,http://genome.ucsc.edu/cgi-bin/hgTracks?db=hg19&position=chr16+84217297+84220667,,SE_169,,0,0,49,0.0
SE,ENSG00000138674,SEC31A,4,-,83782783,83782861,chr4:83782783-83782861,83778841,83778917,83784470,83784545,"111,176,133","18,40,26","88,137,140","40,53,51",107,51,9.56225827354e-05,0.0352135920968,"0.746,0.677,0.709","0.512,0.552,0.567",0.167,http://genome.ucsc.edu/cgi-bin/hgTracks?db=hg19&position=chr4+83778836+83784550,,SE_170,O94979_S532 (Phosphorylation)/O94979_S527 (Phosphorylation)/O94979_S521 (Phosphorylation),3,3,78,0.11538461538461539
SE,ENSG00000104870,FCGRT,19,+,50028713,50028830,chr19:50028713-50028830,50027763,50028033,50029266,50029685,"274,357,357","11,9,18","191,330,318","21,34,21",189,86,9.59159371885e-05,0.0352135920968,"0.919,0.948,0.9","0.805,0.815,0.873",0.091,http://genome.ucsc.edu/cgi-bin/hgTracks?db=hg19&position=chr19+50027758+50029690,,SE_171,,0,0,117,0.0
SE,ENSG00000085733,CTTN,11,+,70267575,70267686,chr11:70267575-70267686,70266505,70266616,70269045,70269101,"604,837,727","43,66,37","592,1031,1049","81,105,113",146,49,9.72766081558e-05,0.0355211287599,"0.825,0.81,0.868","0.71,0.767,0.757",0.09,http://genome.ucsc.edu/cgi-bin/hgTracks?db=hg19&position=chr11+70266500+70269106,,SE_172,Q14247_Y265 (Phosphorylation)/Q14247_T267 (Phosphorylation)/Q14247_K272 (Acetylation)/Q14247_K272 (Ubiquitination)/Q14247_K272 (Methylation)/Q14247_S277 (Phosphorylation)/Q14247_S282 (Phosphorylation)/Q14247_Y289 (Phosphorylation)/Q14247_K290 (Acetylation)/Q14247_K295 (Sumoylation)/Q14247_K295 (Acetylation)/Q14247_S298 (Phosphorylation)/Q14247_K266 (Ubiquitination)/Q14247_K290 (Ubiquitination),14,10,111,0.2702702702702703
SE,ENSG00000136153,LMO7,13,+,76379614,76379896,chr13:76379614-76379896,76378424,76378677,76391296,76391414,"28,33,23","20,25,15","21,33,43","45,60,59",354,86,9.85558614212e-05,0.0357958050902,"0.254,0.243,0.271","0.102,0.118,0.15",0.133,http://genome.ucsc.edu/cgi-bin/hgTracks?db=hg19&position=chr13+76378419+76391419,,SE_173,,0,0,282,0.0
SE,ENSG00000028310,BRD9,5,-,868721,868919,chr5:868721-868919,865528,865696,870587,870668,"47,74,88","99,125,103","82,149,117","90,122,97",258,74,0.000100051438117,0.0361457107738,"0.12,0.145,0.197","0.207,0.259,0.257",-0.087,http://genome.ucsc.edu/cgi-bin/hgTracks?db=hg19&position=chr5+865523+870673,,SE_174,,0,0,198,0.0
SE,ENSG00000109654,TRIM2,4,+,154191486,154191671,chr4:154191486-154191671,154125597,154125712,154197044,154197420,"251,365,368","4,13,11","336,512,551","0,5,4",257,86,0.000103223758038,0.0370944678422,"0.955,0.904,0.918","1.0,0.972,0.979",-0.058,http://genome.ucsc.edu/cgi-bin/hgTracks?db=hg19&position=chr4+154125592+154197425,,SE_175,Q9C040_S10 (Phosphorylation),1,1,185,0.016216216216216217
SE,ENSG00000050820,BCAR1,16,-,75270725,75270896,chr16:75270725-75270896,75268786,75269884,75271080,75271242,"217,241,243","8,8,9","205,387,335","4,2,0",243,86,0.000129015670795,0.0458775672499,"0.906,0.914,0.905","0.948,0.986,1.0",-0.07,http://genome.ucsc.edu/cgi-bin/hgTracks?db=hg19&position=chr16+75268781+75271247,,SE_176,P56945_S300 (Phosphorylation)/P56945_S292 (Phosphorylation)/P56945_Y287 (Phosphorylation)/P56945_T269 (Phosphorylation)/P56945_Y267 (Phosphorylation),5,5,171,0.08771929824561403
SE,ENSG00000196141,SPATS2L,2,+,201248589,201248740,chr2:201248589-201248740,201242863,201243094,201253945,201254006,"125,142,134","175,214,201","111,184,158","255,407,384",191,54,0.000136372662215,0.0482411189843,"0.168,0.158,0.159","0.11,0.113,0.104",0.053,http://genome.ucsc.edu/cgi-bin/hgTracks?db=hg19&position=chr2+201242858+201254011,,SE_177,,0,0,151,0.0
SE,ENSG00000196776,CD47,3,-,107768465,107768498,chr3:107768465-107768498,107765927,107766139,107769424,107769449,"46,66,53","7,13,11","58,65,81","25,32,41",26,18,0.000140718276805,0.0495204385612,"0.82,0.779,0.769","0.616,0.584,0.578",0.197,http://genome.ucsc.edu/cgi-bin/hgTracks?db=hg19&position=chr3+107765922+107769454,,SE_178,Q08722_K317 (Ubiquitination)/Q08722_S316 (Phosphorylation)/Q08722_K314 (Ubiquitination),3,3,33,0.2727272727272727
