region_id;iso_smaf;gr_age;choice;prob
1;1;1;0;.5429
1;1;1;1;.0722
1;1;1;2;.3039
1;1;1;3;.081
1;1;2;0;.2727
1;1;2;1;.0755
1;1;2;2;.4826
1;1;2;3;.1692
1;1;3;0;.0545
1;1;3;1;.0739
1;1;3;2;.6298
1;1;3;3;.2418
1;2;1;0;.6934
1;2;1;1;.0657
1;2;1;2;.1799
1;2;1;3;.061
1;2;2;0;.4196
1;2;2;1;.0828
1;2;2;2;.3442
1;2;2;3;.1534
1;2;3;0;.1006
1;2;3;1;.0973
1;2;3;2;.539
1;2;3;3;.2631
1;3;1;0;.2965
1;3;1;1;.1382
1;3;1;2;.4068
1;3;1;3;.1585
1;3;2;0;.1172
1;3;2;1;.1136
1;3;2;2;.5085
1;3;2;3;.2607
1;3;3;0;.02
1;3;3;1;.095
1;3;3;2;.5668
1;3;3;3;.3182
1;4;1;0;.3643
1;4;1;1;.1076
1;4;1;2;.3334
1;4;1;3;.1947
1;4;2;0;.1486
1;4;2;1;.0913
1;4;2;2;.4299
1;4;2;3;.3302
1;4;3;0;.0258
1;4;3;1;.0775
1;4;3;2;.487
1;4;3;3;.4097
1;5;1;0;.2537
1;5;1;1;.1423
1;5;1;2;.4161
1;5;1;3;.1879
1;5;2;0;.0959
1;5;2;1;.1118
1;5;2;2;.497
1;5;2;3;.2953
1;5;3;0;.016
1;5;3;1;.0913
1;5;3;2;.5408
1;5;3;3;.3519
1;6;1;0;.0136
1;6;1;1;.1826
1;6;1;2;.5191
1;6;1;3;.2847
1;6;2;0;.0042
1;6;2;1;.118
1;6;2;2;.5099
1;6;2;3;.3679
1;6;3;0;.0006
1;6;3;1;.0884
1;6;3;2;.5089
1;6;3;3;.4021
1;7;1;0;.2561
1;7;1;1;.1426
1;7;1;2;.4133
1;7;1;3;.188
1;7;2;0;.097
1;7;2;1;.1123
1;7;2;2;.4947
1;7;2;3;.296
1;7;3;0;.0162
1;7;3;1;.0917
1;7;3;2;.5389
1;7;3;3;.3532
1;8;1;0;.0674
1;8;1;1;.1248
1;8;1;2;.5477
1;8;1;3;.2601
1;8;2;0;.0215
1;8;2;1;.0826
1;8;2;2;.5514
1;8;2;3;.3445
1;8;3;0;.0033
1;8;3;1;.0624
1;8;3;2;.5548
1;8;3;3;.3795
1;9;1;0;.113
1;9;1;1;.1216
1;9;1;2;.4765
1;9;1;3;.2889
1;9;2;0;.0368
1;9;2;1;.0822
1;9;2;2;.4901
1;9;2;3;.3909
1;9;3;0;.0057
1;9;3;1;.0626
1;9;3;2;.4973
1;9;3;3;.4344
1;10;1;0;.2386
1;10;1;1;.0754
1;10;1;2;.497
1;10;1;3;.189
1;10;2;0;.0867
1;10;2;1;.0569
1;10;2;2;.5708
1;10;2;3;.2856
1;10;3;0;.0141
1;10;3;1;.0456
1;10;3;2;.6075
1;10;3;3;.3328
1;11;1;0;0
1;11;1;1;.1393
1;11;1;2;.593
1;11;1;3;.2677
1;11;2;0;0
1;11;2;1;.0885
1;11;2;2;.5719
1;11;2;3;.3396
1;11;3;0;0
1;11;3;1;.0656
1;11;3;2;.5662
1;11;3;3;.3682
1;12;1;0;.1597
1;12;1;1;.0666
1;12;1;2;.5609
1;12;1;3;.2128
1;12;2;0;.054
1;12;2;1;.0469
1;12;2;2;.5998
1;12;2;3;.2993
1;12;3;0;.0085
1;12;3;1;.0362
1;12;3;2;.6177
1;12;3;3;.3376
1;13;1;0;0
1;13;1;1;.1566
1;13;1;2;.5337
1;13;1;3;.3097
1;13;2;0;0
1;13;2;1;.0987
1;13;2;2;.5112
1;13;2;3;.3901
1;13;3;0;0
1;13;3;1;.0731
1;13;3;2;.5049
1;13;3;3;.422
1;14;1;0;.0952
1;14;1;1;.0499
1;14;1;2;.6603
1;14;1;3;.1946
1;14;2;0;.0307
1;14;2;1;.0336
1;14;2;2;.6743
1;14;2;3;.2614
1;14;3;0;.0048
1;14;3;1;.0254
1;14;3;2;.6808
1;14;3;3;.289
2;1;1;0;.5016
2;1;1;1;.0595
2;1;1;2;.3698
2;1;1;3;.0691
2;1;2;0;.272
2;1;2;1;.0492
2;1;2;2;.5584
2;1;2;3;.1204
2;1;3;0;.0824
2;1;3;1;.0236
2;1;3;2;.7489
2;1;3;3;.1451
2;2;1;0;.5621
2;2;1;1;.0392
2;2;1;2;.3321
2;2;1;3;.0666
2;2;2;0;.3192
2;2;2;1;.034
2;2;2;2;.5253
2;2;2;3;.1215
2;2;3;0;.1004
2;2;3;1;.0169
2;2;3;2;.7308
2;2;3;3;.1519
2;3;1;0;.2189
2;3;1;1;.0818
2;3;1;2;.5534
2;3;1;3;.1459
2;3;2;0;.093
2;3;2;1;.0529
2;3;2;2;.6548
2;3;2;3;.1993
2;3;3;0;.0241
2;3;3;1;.0216
2;3;3;2;.7494
2;3;3;3;.2049
2;4;1;0;.3302
2;4;1;1;.0763
2;4;1;2;.438
2;4;1;3;.1555
2;4;2;0;.1525
2;4;2;1;.0537
2;4;2;2;.5631
2;4;2;3;.2307
2;4;3;0;.0418
2;4;3;1;.0233
2;4;3;2;.6833
2;4;3;3;.2516
2;5;1;0;.2762
2;5;1;1;.1215
2;5;1;2;.4459
2;5;1;3;.1564
2;5;2;0;.1253
2;5;2;1;.0839
2;5;2;2;.5629
2;5;2;3;.2279
2;5;3;0;.0343
2;5;3;1;.0364
2;5;3;2;.6815
2;5;3;3;.2478
2;6;1;0;.1283
2;6;1;1;.0961
2;6;1;2;.5152
2;6;1;3;.2604
2;6;2;0;.0504
2;6;2;1;.0575
2;6;2;2;.5634
2;6;2;3;.3287
2;6;3;0;.0128
2;6;3;1;.0231
2;6;3;2;.6325
2;6;3;3;.3316
2;7;1;0;.2476
2;7;1;1;.1424
2;7;1;2;.4202
2;7;1;3;.1898
2;7;2;0;.1103
2;7;2;1;.0967
2;7;2;2;.5213
2;7;2;3;.2717
2;7;3;0;.0302
2;7;3;1;.042
2;7;3;2;.6319
2;7;3;3;.2959
2;8;1;0;.106
2;8;1;1;.142
2;8;1;2;.4449
2;8;1;3;.3071
2;8;2;0;.0416
2;8;2;1;.0849
2;8;2;2;.4862
2;8;2;3;.3873
2;8;3;0;.0108
2;8;3;1;.0348
2;8;3;2;.5563
2;8;3;3;.3981
2;9;1;0;.0702
2;9;1;1;.1553
2;9;1;2;.4053
2;9;1;3;.3692
2;9;2;0;.0268
2;9;2;1;.0903
2;9;2;2;.4304
2;9;2;3;.4525
2;9;3;0;.0069
2;9;3;1;.037
2;9;3;2;.4917
2;9;3;3;.4644
2;10;1;0;.1203
2;10;1;1;.2065
2;10;1;2;.3765
2;10;1;3;.2967
2;10;2;0;.0494
2;10;2;1;.1291
2;10;2;2;.4302
2;10;2;3;.3913
2;10;3;0;.0133
2;10;3;1;.0551
2;10;3;2;.5127
2;10;3;3;.4189
2;11;1;0;.0148
2;11;1;1;.1183
2;11;1;2;.4667
2;11;1;3;.4002
2;11;2;0;.0053
2;11;2;1;.0649
2;11;2;2;.4673
2;11;2;3;.4625
2;11;3;0;.0013
2;11;3;1;.0256
2;11;3;2;.5151
2;11;3;3;.458
2;12;1;0;.1503
2;12;1;1;.199
2;12;1;2;.3647
2;12;1;3;.286
2;12;2;0;.0629
2;12;2;1;.1271
2;12;2;2;.4252
2;12;2;3;.3848
2;12;3;0;.0171
2;12;3;1;.0548
2;12;3;2;.5119
2;12;3;3;.4162
2;13;1;0;.0151
2;13;1;1;.0845
2;13;1;2;.5155
2;13;1;3;.3849
2;13;2;0;.0054
2;13;2;1;.0457
2;13;2;2;.5097
2;13;2;3;.4392
2;13;3;0;.0013
2;13;3;1;.0178
2;13;3;2;.5529
2;13;3;3;.428
2;14;1;0;.0663
2;14;1;1;.1906
2;14;1;2;.4243
2;14;1;3;.3188
2;14;2;0;.0259
2;14;2;1;.1133
2;14;2;2;.4611
2;14;2;3;.3997
2;14;3;0;.0067
2;14;3;1;.0468
2;14;3;2;.5321
2;14;3;3;.4144
3;1;1;0;.4164
3;1;1;1;.0434
3;1;1;2;.4516
3;1;1;3;.0886
3;1;2;0;.2138
3;1;2;1;.06
3;1;2;2;.5678
3;1;2;3;.1584
3;1;3;0;.0214
3;1;3;1;.0556
3;1;3;2;.7318
3;1;3;3;.1912
3;2;1;0;.4391
3;2;1;1;.0608
3;2;1;2;.4131
3;2;1;3;.087
3;2;2;0;.229
3;2;2;1;.0854
3;2;2;2;.5276
3;2;2;3;.158
3;2;3;0;.0236
3;2;3;1;.0812
3;2;3;2;.699
3;2;3;3;.1962
3;3;1;0;.109
3;3;1;1;.1034
3;3;1;2;.5849
3;3;1;3;.2027
3;3;2;0;.0432
3;3;2;1;.1101
3;3;2;2;.5672
3;3;2;3;.2795
3;3;3;0;.0037
3;3;3;1;.0867
3;3;3;2;.6223
3;3;3;3;.2873
3;4;1;0;.1771
3;4;1;1;.1432
3;4;1;2;.4201
3;4;1;3;.2596
3;4;2;0;.071
3;4;2;1;.1545
3;4;2;2;.4123
3;4;2;3;.3622
3;4;3;0;.0064
3;4;3;1;.1277
3;4;3;2;.475
3;4;3;3;.3909
3;5;1;0;.1398
3;5;1;1;.1452
3;5;1;2;.4684
3;5;1;3;.2466
3;5;2;0;.0551
3;5;2;1;.1541
3;5;2;2;.4523
3;5;2;3;.3385
3;5;3;0;.0048
3;5;3;1;.1251
3;5;3;2;.5114
3;5;3;3;.3587
3;6;1;0;.0773
3;6;1;1;.1475
3;6;1;2;.466
3;6;1;3;.3092
3;6;2;0;.0287
3;6;2;1;.1475
3;6;2;2;.4239
3;6;2;3;.3999
3;6;3;0;.0025
3;6;3;1;.1168
3;6;3;2;.4675
3;6;3;3;.4132
3;7;1;0;.0825
3;7;1;1;.21
3;7;1;2;.4036
3;7;1;3;.3039
3;7;2;0;.0306
3;7;2;1;.2098
3;7;2;2;.3668
3;7;2;3;.3928
3;7;3;0;.0027
3;7;3;1;.1696
3;7;3;2;.4132
3;7;3;3;.4145
3;8;1;0;.0709
3;8;1;1;.1905
3;8;1;2;.3968
3;8;1;3;.3418
3;8;2;0;.0258
3;8;2;1;.1867
3;8;2;2;.354
3;8;2;3;.4335
3;8;3;0;.0022
3;8;3;1;.1496
3;8;3;2;.395
3;8;3;3;.4532
3;9;1;0;.0261
3;9;1;1;.1613
3;9;1;2;.3831
3;9;1;3;.4295
3;9;2;0;.009
3;9;2;1;.1501
3;9;2;2;.3242
3;9;2;3;.5167
3;9;3;0;.0008
3;9;3;1;.1175
3;9;3;2;.3536
3;9;3;3;.5281
3;10;1;0;.1961
3;10;1;1;.185
3;10;1;2;.3416
3;10;1;3;.2773
3;10;2;0;.0786
3;10;2;1;.1995
3;10;2;2;.3351
3;10;2;3;.3868
3;10;3;0;.0072
3;10;3;1;.1692
3;10;3;2;.3957
3;10;3;3;.4279
3;11;1;0;.0281
3;11;1;1;.2123
3;11;1;2;.4046
3;11;1;3;.355
3;11;2;0;.0099
3;11;2;1;.2022
3;11;2;2;.3506
3;11;2;3;.4373
3;11;3;0;.0009
3;11;3;1;.1602
3;11;3;2;.3868
3;11;3;3;.4521
3;12;1;0;.0754
3;12;1;1;.1887
3;12;1;2;.3878
3;12;1;3;.3481
3;12;2;0;.0275
3;12;2;1;.1851
3;12;2;2;.3459
3;12;2;3;.4415
3;12;3;0;.0024
3;12;3;1;.1485
3;12;3;2;.3867
3;12;3;3;.4624
3;13;1;0;.0589
3;13;1;1;.1714
3;13;1;2;.4675
3;13;1;3;.3022
3;13;2;0;.0217
3;13;2;1;.1698
3;13;2;2;.4213
3;13;2;3;.3872
3;13;3;0;.0019
3;13;3;1;.1343
3;13;3;2;.4641
3;13;3;3;.3997
3;14;1;0;.0073
3;14;1;1;.2557
3;14;1;2;.4641
3;14;1;3;.2729
3;14;2;0;.0026
3;14;2;1;.2474
3;14;2;2;.4085
3;14;2;3;.3415
3;14;3;0;.0002
3;14;3;1;.1959
3;14;3;2;.4508
3;14;3;3;.3531
4;1;1;0;.1449
4;1;1;1;.0812
4;1;1;2;.6485
4;1;1;3;.1254
4;1;2;0;.0998
4;1;2;1;.0729
4;1;2;2;.6429
4;1;2;3;.1844
4;1;3;0;.0111
4;1;3;1;.0675
4;1;3;2;.6971
4;1;3;3;.2243
4;2;1;0;.1743
4;2;1;1;.075
4;2;1;2;.6226
4;2;1;3;.1281
4;2;2;0;.1209
4;2;2;1;.0678
4;2;2;2;.6216
4;2;2;3;.1897
4;2;3;0;.0137
4;2;3;1;.064
4;2;3;2;.6871
4;2;3;3;.2352
4;3;1;0;.0587
4;3;1;1;.1071
4;3;1;2;.626
4;3;1;3;.2082
4;3;2;0;.038
4;3;2;1;.0905
4;3;2;2;.5836
4;3;2;3;.2879
4;3;3;0;.0039
4;3;3;1;.0783
4;3;3;2;.5909
4;3;3;3;.3269
4;4;1;0;.0682
4;4;1;1;.1127
4;4;1;2;.5607
4;4;1;3;.2584
4;4;2;0;.0433
4;4;2;1;.0933
4;4;2;2;.5128
4;4;2;3;.3506
4;4;3;0;.0045
4;4;3;1;.0805
4;4;3;2;.5179
4;4;3;3;.3971
4;5;1;0;.068
4;5;1;1;.1432
4;5;1;2;.529
4;5;1;3;.2598
4;5;2;0;.0433
4;5;2;1;.1188
4;5;2;2;.4847
4;5;2;3;.3532
4;5;3;0;.0045
4;5;3;1;.1028
4;5;3;2;.4913
4;5;3;3;.4014
4;6;1;0;.0093
4;6;1;1;.1289
4;6;1;2;.5416
4;6;1;3;.3202
4;6;2;0;.0056
4;6;2;1;.1025
4;6;2;2;.4751
4;6;2;3;.4168
4;6;3;0;.0006
4;6;3;1;.0848
4;6;3;2;.461
4;6;3;3;.4536
4;7;1;0;.0836
4;7;1;1;.1748
4;7;1;2;.4625
4;7;1;3;.2791
4;7;2;0;.0532
4;7;2;1;.1448
4;7;2;2;.4231
4;7;2;3;.3789
4;7;3;0;.0056
4;7;3;1;.1265
4;7;3;2;.433
4;7;3;3;.4349
4;8;1;0;.016
4;8;1;1;.1574
4;8;1;2;.5007
4;8;1;3;.3259
4;8;2;0;.0098
4;8;2;1;.1252
4;8;2;2;.44
4;8;2;3;.425
4;8;3;0;.001
4;8;3;1;.1043
4;8;3;2;.4295
4;8;3;3;.4652
4;9;1;0;.0176
4;9;1;1;.1081
4;9;1;2;.5455
4;9;1;3;.3288
4;9;2;0;.0107
4;9;2;1;.0855
4;9;2;2;.4771
4;9;2;3;.4267
4;9;3;0;.0011
4;9;3;1;.0709
4;9;3;2;.4633
4;9;3;3;.4647
4;10;1;0;.0134
4;10;1;1;.165
4;10;1;2;.5029
4;10;1;3;.3187
4;10;2;0;.0082
4;10;2;1;.1316
4;10;2;2;.4433
4;10;2;3;.4169
4;10;3;0;.0008
4;10;3;1;.1098
4;10;3;2;.4329
4;10;3;3;.4565
4;11;1;0;.0282
4;11;1;1;.1177
4;11;1;2;.5471
4;11;1;3;.307
4;11;2;0;.0174
4;11;2;1;.0944
4;11;2;2;.4847
4;11;2;3;.4035
4;11;3;0;.0017
4;11;3;1;.0791
4;11;3;2;.4754
4;11;3;3;.4438
4;12;1;0;.0755
4;12;1;1;.155
4;12;1;2;.466
4;12;1;3;.3035
4;12;2;0;.0473
4;12;2;1;.1265
4;12;2;2;.4201
4;12;2;3;.4061
4;12;3;0;.0049
4;12;3;1;.1093
4;12;3;2;.4251
4;12;3;3;.4607
4;13;1;0;.0845
4;13;1;1;.1259
4;13;1;2;.4941
4;13;1;3;.2955
4;13;2;0;.0532
4;13;2;1;.1031
4;13;2;2;.447
4;13;2;3;.3967
4;13;3;0;.0055
4;13;3;1;.0894
4;13;3;2;.4536
4;13;3;3;.4515
4;14;1;0;.0392
4;14;1;1;.1856
4;14;1;2;.5255
4;14;1;3;.2497
4;14;2;0;.0249
4;14;2;1;.154
4;14;2;2;.4816
4;14;2;3;.3395
4;14;3;0;.0026
4;14;3;1;.1319
4;14;3;2;.4834
4;14;3;3;.3821
5;1;1;0;.367
5;1;1;1;.153
5;1;1;2;.4054
5;1;1;3;.0746
5;1;2;0;.2241
5;1;2;1;.0985
5;1;2;2;.5669
5;1;2;3;.1105
5;1;3;0;.0328
5;1;3;1;.0481
5;1;3;2;.7916
5;1;3;3;.1275
5;2;1;0;.2948
5;2;1;1;.1777
5;2;1;2;.4521
5;2;1;3;.0754
5;2;2;0;.1734
5;2;2;1;.1101
5;2;2;2;.6089
5;2;2;3;.1076
5;2;3;0;.024
5;2;3;1;.051
5;2;3;2;.8071
5;2;3;3;.1179
5;3;1;0;.2584
5;3;1;1;.2245
5;3;1;2;.4005
5;3;1;3;.1166
5;3;2;0;.1524
5;3;2;1;.1396
5;3;2;2;.5411
5;3;2;3;.1669
5;3;3;0;.0214
5;3;3;1;.0656
5;3;3;2;.7275
5;3;3;3;.1855
5;4;1;0;.1946
5;4;1;1;.1614
5;4;1;2;.4093
5;4;1;3;.2347
5;4;2;0;.104
5;4;2;1;.0909
5;4;2;2;.5009
5;4;2;3;.3042
5;4;3;0;.0137
5;4;3;1;.0399
5;4;3;2;.6301
5;4;3;3;.3163
5;5;1;0;.2084
5;5;1;1;.2742
5;5;1;2;.3583
5;5;1;3;.1591
5;5;2;0;.1223
5;5;2;1;.1697
5;5;2;2;.4816
5;5;2;3;.2264
5;5;3;0;.0173
5;5;3;1;.08
5;5;3;2;.6501
5;5;3;3;.2526
5;6;1;0;.0755
5;6;1;1;.1924
5;6;1;2;.437
5;6;1;3;.2951
5;6;2;0;.0378
5;6;2;1;.1017
5;6;2;2;.5017
5;6;2;3;.3588
5;6;3;0;.0047
5;6;3;1;.0425
5;6;3;2;.5988
5;6;3;3;.354
5;7;1;0;.1587
5;7;1;1;.2551
5;7;1;2;.3545
5;7;1;3;.2317
5;7;2;0;.0881
5;7;2;1;.1493
5;7;2;2;.4506
5;7;2;3;.312
5;7;3;0;.012
5;7;3;1;.0677
5;7;3;2;.5853
5;7;3;3;.335
5;8;1;0;.1001
5;8;1;1;.2181
5;8;1;2;.3809
5;8;1;3;.3009
5;8;2;0;.0518
5;8;2;1;.119
5;8;2;2;.4515
5;8;2;3;.3777
5;8;3;0;.0067
5;8;3;1;.0513
5;8;3;2;.5569
5;8;3;3;.3851
5;9;1;0;.0641
5;9;1;1;.1427
5;9;1;2;.3431
5;9;1;3;.4501
5;9;2;0;.0306
5;9;2;1;.072
5;9;2;2;.3756
5;9;2;3;.5218
5;9;3;0;.0038
5;9;3;1;.0301
5;9;3;2;.4497
5;9;3;3;.5164
5;10;1;0;.0898
5;10;1;1;.1763
5;10;1;2;.388
5;10;1;3;.3459
5;10;2;0;.0448
5;10;2;1;.0928
5;10;2;2;.4435
5;10;2;3;.4189
5;10;3;0;.0057
5;10;3;1;.0392
5;10;3;2;.5364
5;10;3;3;.4187
5;11;1;0;.0488
5;11;1;1;.2659
5;11;1;2;.3703
5;11;1;3;.315
5;11;2;0;.0251
5;11;2;1;.1443
5;11;2;2;.4369
5;11;2;3;.3937
5;11;3;0;.0032
5;11;3;1;.0619
5;11;3;2;.5358
5;11;3;3;.3991
5;12;1;0;.0573
5;12;1;1;.2369
5;12;1;2;.364
5;12;1;3;.3418
5;12;2;0;.0291
5;12;2;1;.1267
5;12;2;2;.4232
5;12;2;3;.421
5;12;3;0;.0037
5;12;3;1;.0542
5;12;3;2;.517
5;12;3;3;.4251
5;13;1;0;.0185
5;13;1;1;.1972
5;13;1;2;.3629
5;13;1;3;.4214
5;13;2;0;.0089
5;13;2;1;.0999
5;13;2;2;.3997
5;13;2;3;.4915
5;13;3;0;.0011
5;13;3;1;.0415
5;13;3;2;.4748
5;13;3;3;.4826
5;14;1;0;0
5;14;1;1;.2662
5;14;1;2;.3581
5;14;1;3;.3757
5;14;2;0;0
5;14;2;1;.1395
5;14;2;2;.4076
5;14;2;3;.4529
5;14;3;0;0
5;14;3;1;.0586
5;14;3;2;.4907
5;14;3;3;.4507
6;1;1;0;.1482
6;1;1;1;.075
6;1;1;2;.6257
6;1;1;3;.1511
6;1;2;0;.0475
6;1;2;1;.0626
6;1;2;2;.6754
6;1;2;3;.2145
6;1;3;0;.0109
6;1;3;1;.0524
6;1;3;2;.6729
6;1;3;3;.2638
6;2;1;0;.1785
6;2;1;1;.0927
6;2;1;2;.5742
6;2;1;3;.1546
6;2;2;0;.0587
6;2;2;1;.0798
6;2;2;2;.6363
6;2;2;3;.2252
6;2;3;0;.0136
6;2;3;1;.0673
6;2;3;2;.6396
6;2;3;3;.2795
6;3;1;0;.0313
6;3;1;1;.0905
6;3;1;2;.6178
6;3;1;3;.2604
6;3;2;0;.009
6;3;2;1;.0675
6;3;2;2;.5942
6;3;2;3;.3293
6;3;3;0;.0019
6;3;3;1;.0536
6;3;3;2;.5608
6;3;3;3;.3837
6;4;1;0;.0976
6;4;1;1;.13
6;4;1;2;.4669
6;4;1;3;.3055
6;4;2;0;.029
6;4;2;1;.1009
6;4;2;2;.4677
6;4;2;3;.4024
6;4;3;0;.0063
6;4;3;1;.0803
6;4;3;2;.4429
6;4;3;3;.4705
6;5;1;0;.0674
6;5;1;1;.1274
6;5;1;2;.5149
6;5;1;3;.2903
6;5;2;0;.0197
6;5;2;1;.0973
6;5;2;2;.5071
6;5;2;3;.3759
6;5;3;0;.0043
6;5;3;1;.0773
6;5;3;2;.4795
6;5;3;3;.4389
6;6;1;0;.0493
6;6;1;1;.1168
6;6;1;2;.4849
6;6;1;3;.349
6;6;2;0;.0139
6;6;2;1;.0864
6;6;2;2;.4622
6;6;2;3;.4375
6;6;3;0;.003
6;6;3;1;.0673
6;6;3;2;.4287
6;6;3;3;.501
6;7;1;0;.0767
6;7;1;1;.2094
6;7;1;2;.4125
6;7;1;3;.3014
6;7;2;0;.0229
6;7;2;1;.1634
6;7;2;2;.415
6;7;2;3;.3987
6;7;3;0;.005
6;7;3;1;.1308
6;7;3;2;.3953
6;7;3;3;.4689
6;8;1;0;.0766
6;8;1;1;.1508
6;8;1;2;.4065
6;8;1;3;.3661
6;8;2;0;.0221
6;8;2;1;.1138
6;8;2;2;.3956
6;8;2;3;.4685
6;8;3;0;.0047
6;8;3;1;.089
6;8;3;2;.3681
6;8;3;3;.5382
6;9;1;0;.0217
6;9;1;1;.123
6;9;1;2;.4298
6;9;1;3;.4255
6;9;2;0;.0059
6;9;2;1;.0874
6;9;2;2;.3939
6;9;2;3;.5128
6;9;3;0;.0012
6;9;3;1;.0667
6;9;3;2;.3575
6;9;3;3;.5746
6;10;1;0;.0287
6;10;1;1;.2194
6;10;1;2;.4112
6;10;1;3;.3407
6;10;2;0;.0082
6;10;2;1;.164
6;10;2;2;.3962
6;10;2;3;.4316
6;10;3;0;.0018
6;10;3;1;.1289
6;10;3;2;.3707
6;10;3;3;.4986
6;11;1;0;.0299
6;11;1;1;.1433
6;11;1;2;.4759
6;11;1;3;.3509
6;11;2;0;.0084
6;11;2;1;.1051
6;11;2;2;.4501
6;11;2;3;.4364
6;11;3;0;.0018
6;11;3;1;.0818
6;11;3;2;.4171
6;11;3;3;.4993
6;12;1;0;.0439
6;12;1;1;.1773
6;12;1;2;.4203
6;12;1;3;.3585
6;12;2;0;.0125
6;12;2;1;.1319
6;12;2;2;.4033
6;12;2;3;.4523
6;12;3;0;.0027
6;12;3;1;.1029
6;12;3;2;.3751
6;12;3;3;.5193
6;13;1;0;.0198
6;13;1;1;.1023
6;13;1;2;.4345
6;13;1;3;.4434
6;13;2;0;.0053
6;13;2;1;.072
6;13;2;2;.394
6;13;2;3;.5287
6;13;3;0;.0011
6;13;3;1;.0545
6;13;3;2;.3555
6;13;3;3;.5889
6;14;1;0;.0215
6;14;1;1;.1029
6;14;1;2;.5144
6;14;1;3;.3612
6;14;2;0;.0059
6;14;2;1;.0742
6;14;2;2;.4783
6;14;2;3;.4416
6;14;3;0;.0013
6;14;3;1;.0573
6;14;3;2;.4399
6;14;3;3;.5015
7;1;1;0;.0757
7;1;1;1;.1219
7;1;1;2;.6947
7;1;1;3;.1077
7;1;2;0;.0252
7;1;2;1;.0752
7;1;2;2;.764
7;1;2;3;.1356
7;1;3;0;.0257
7;1;3;1;.0739
7;1;3;2;.7387
7;1;3;3;.1617
7;2;1;0;.0432
7;2;1;1;.1385
7;2;1;2;.7048
7;2;1;3;.1135
7;2;2;0;.0141
7;2;2;1;.084
7;2;2;2;.7615
7;2;2;3;.1404
7;2;3;0;.0144
7;2;3;1;.0824
7;2;3;2;.7358
7;2;3;3;.1674
7;3;1;0;.0681
7;3;1;1;.1039
7;3;1;2;.6464
7;3;1;3;.1816
7;3;2;0;.0221
7;3;2;1;.0625
7;3;2;2;.6926
7;3;2;3;.2228
7;3;3;0;.0221
7;3;3;1;.0602
7;3;3;2;.657
7;3;3;3;.2607
7;4;1;0;.033
7;4;1;1;.1328
7;4;1;2;.591
7;4;1;3;.2432
7;4;2;0;.0105
7;4;2;1;.0781
7;4;2;2;.6195
7;4;2;3;.2919
7;4;3;0;.0103
7;4;3;1;.0742
7;4;3;2;.579
7;4;3;3;.3365
7;5;1;0;.0811
7;5;1;1;.2045
7;5;1;2;.5557
7;5;1;3;.1587
7;5;2;0;.028
7;5;2;1;.1308
7;5;2;2;.6339
7;5;2;3;.2073
7;5;3;0;.028
7;5;3;1;.1264
7;5;3;2;.6026
7;5;3;3;.243
7;6;1;0;.0141
7;6;1;1;.1334
7;6;1;2;.5836
7;6;1;3;.2689
7;6;2;0;.0044
7;6;2;1;.0771
7;6;2;2;.6013
7;6;2;3;.3172
7;6;3;0;.0043
7;6;3;1;.0729
7;6;3;2;.559
7;6;3;3;.3638
7;7;1;0;.0349
7;7;1;1;.1907
7;7;1;2;.5561
7;7;1;3;.2183
7;7;2;0;.0114
7;7;2;1;.1159
7;7;2;2;.6021
7;7;2;3;.2706
7;7;3;0;.0113
7;7;3;1;.1104
7;7;3;2;.565
7;7;3;3;.3133
7;8;1;0;.0213
7;8;1;1;.1497
7;8;1;2;.591
7;8;1;3;.238
7;8;2;0;.0067
7;8;2;1;.0881
7;8;2;2;.6196
7;8;2;3;.2856
7;8;3;0;.0067
7;8;3;1;.0837
7;8;3;2;.5798
7;8;3;3;.3298
7;9;1;0;.0046
7;9;1;1;.1044
7;9;1;2;.5803
7;9;1;3;.3107
7;9;2;0;.0014
7;9;2;1;.0588
7;9;2;2;.5827
7;9;2;3;.3571
7;9;3;0;.0014
7;9;3;1;.0551
7;9;3;2;.5373
7;9;3;3;.4062
7;10;1;0;.0232
7;10;1;1;.1645
7;10;1;2;.5671
7;10;1;3;.2452
7;10;2;0;.0074
7;10;2;1;.0975
7;10;2;2;.5987
7;10;2;3;.2964
7;10;3;0;.0073
7;10;3;1;.0924
7;10;3;2;.559
7;10;3;3;.3413
7;11;1;0;0
7;11;1;1;.1378
7;11;1;2;.6043
7;11;1;3;.2579
7;11;2;0;0
7;11;2;1;.0792
7;11;2;2;.6186
7;11;2;3;.3022
7;11;3;0;0
7;11;3;1;.0751
7;11;3;2;.5771
7;11;3;3;.3478
7;12;1;0;.009
7;12;1;1;.1599
7;12;1;2;.5949
7;12;1;3;.2362
7;12;2;0;.0028
7;12;2;1;.0937
7;12;2;2;.6212
7;12;2;3;.2823
7;12;3;0;.0028
7;12;3;1;.0892
7;12;3;2;.5818
7;12;3;3;.3262
7;13;1;0;.0208
7;13;1;1;.1317
7;13;1;2;.5731
7;13;1;3;.2744
7;13;2;0;.0065
7;13;2;1;.0763
7;13;2;2;.5924
7;13;2;3;.3248
7;13;3;0;.0064
7;13;3;1;.072
7;13;3;2;.5498
7;13;3;3;.3718
7;14;1;0;.0061
7;14;1;1;.0853
7;14;1;2;.6889
7;14;1;3;.2197
7;14;2;0;.0019
7;14;2;1;.0483
7;14;2;2;.6957
7;14;2;3;.2541
7;14;3;0;.0019
7;14;3;1;.0463
7;14;3;2;.6562
7;14;3;3;.2956
8;1;1;0;.6441
8;1;1;1;.0355
8;1;1;2;.2566
8;1;1;3;.0638
8;1;2;0;.4852
8;1;2;1;.0527
8;1;2;2;.3497
8;1;2;3;.1124
8;1;3;0;.191
8;1;3;1;.0525
8;1;3;2;.5333
8;1;3;3;.2232
8;2;1;0;.6534
8;2;1;1;.0349
8;2;1;2;.2436
8;2;1;3;.0681
8;2;2;0;.4942
8;2;2;1;.052
8;2;2;2;.3334
8;2;2;3;.1204
8;2;3;0;.1958
8;2;3;1;.0521
8;2;3;2;.5116
8;2;3;3;.2405
8;3;1;0;.4327
8;3;1;1;.057
8;3;1;2;.3153
8;3;1;3;.195
8;3;2;0;.2753
8;3;2;1;.0717
8;3;2;2;.363
8;3;2;3;.29
8;3;3;0;.0828
8;3;3;1;.0544
8;3;3;2;.4229
8;3;3;3;.4399
8;4;1;0;.3834
8;4;1;1;.0683
8;4;1;2;.3574
8;4;1;3;.1909
8;4;2;0;.238
8;4;2;1;.0836
8;4;2;2;.4014
8;4;2;3;.277
8;4;3;0;.07
8;4;3;1;.0621
8;4;3;2;.4571
8;4;3;3;.4108
8;5;1;0;.4427
8;5;1;1;.0771
8;5;1;2;.2848
8;5;1;3;.1954
8;5;2;0;.2825
8;5;2;1;.0972
8;5;2;2;.3288
8;5;2;3;.2915
8;5;3;0;.0863
8;5;3;1;.0751
8;5;3;2;.3893
8;5;3;3;.4493
8;6;1;0;.1288
8;6;1;1;.0603
8;6;1;2;.4586
8;6;1;3;.3523
8;6;2;0;.0678
8;6;2;1;.0625
8;6;2;2;.4365
8;6;2;3;.4332
8;6;3;0;.0165
8;6;3;1;.0386
8;6;3;2;.4122
8;6;3;3;.5327
8;7;1;0;.2126
8;7;1;1;.137
8;7;1;2;.3751
8;7;1;3;.2753
8;7;2;0;.1178
8;7;2;1;.1496
8;7;2;2;.376
8;7;2;3;.3566
8;7;3;0;.0314
8;7;3;1;.1009
8;7;3;2;.3883
8;7;3;3;.4794
8;8;1;0;.0959
8;8;1;1;.0894
8;8;1;2;.4603
8;8;1;3;.3544
8;8;2;0;.0496
8;8;2;1;.0912
8;8;2;2;.4307
8;8;2;3;.4285
8;8;3;0;.0121
8;8;3;1;.056
8;8;3;2;.406
8;8;3;3;.5259
8;9;1;0;.1253
8;9;1;1;.0848
8;9;1;2;.3448
8;9;1;3;.4451
8;9;2;0;.064
8;9;2;1;.0856
8;9;2;2;.3187
8;9;2;3;.5317
8;9;3;0;.0153
8;9;3;1;.0515
8;9;3;2;.2942
8;9;3;3;.639
8;10;1;0;.1108
8;10;1;1;.0899
8;10;1;2;.4611
8;10;1;3;.3382
8;10;2;0;.0579
8;10;2;1;.0927
8;10;2;2;.4361
8;10;2;3;.4133
8;10;3;0;.0142
8;10;3;1;.0577
8;10;3;2;.4155
8;10;3;3;.5126
8;11;1;0;0
8;11;1;1;.1495
8;11;1;2;.4101
8;11;1;3;.4404
8;11;2;0;0
8;11;2;1;.1428
8;11;2;2;.359
8;11;2;3;.4982
8;11;3;0;0
8;11;3;1;.0847
8;11;3;2;.3261
8;11;3;3;.5892
8;12;1;0;.1486
8;12;1;1;.0998
8;12;1;2;.4057
8;12;1;3;.3459
8;12;2;0;.0787
8;12;2;1;.1043
8;12;2;2;.3887
8;12;2;3;.4283
8;12;3;0;.0196
8;12;3;1;.0658
8;12;3;2;.3757
8;12;3;3;.5389
8;13;1;0;.1084
8;13;1;1;.1486
8;13;1;2;.3565
8;13;1;3;.3865
8;13;2;0;.0556
8;13;2;1;.1502
8;13;2;2;.3308
8;13;2;3;.4634
8;13;3;0;.0137
8;13;3;1;.0937
8;13;3;2;.3161
8;13;3;3;.5765
8;14;1;0;.0078
8;14;1;1;.1092
8;14;1;2;.6586
8;14;1;3;.2244
8;14;2;0;.004
8;14;2;1;.1111
8;14;2;2;.6144
8;14;2;3;.2705
8;14;3;0;.001
8;14;3;1;.0697
8;14;3;2;.5907
8;14;3;3;.3386
9;1;1;0;.2291
9;1;1;1;.1007
9;1;1;2;.521
9;1;1;3;.1492
9;1;2;0;.1669
9;1;2;1;.0671
9;1;2;2;.5748
9;1;2;3;.1912
9;1;3;0;.0724
9;1;3;1;.0438
9;1;3;2;.6417
9;1;3;3;.2421
9;2;1;0;.3213
9;2;1;1;.0879
9;2;1;2;.476
9;2;1;3;.1148
9;2;2;0;.2426
9;2;2;1;.0608
9;2;2;2;.5442
9;2;2;3;.1524
9;2;3;0;.1113
9;2;3;1;.042
9;2;3;2;.6426
9;2;3;3;.2041
9;3;1;0;.0823
9;3;1;1;.238
9;3;1;2;.4431
9;3;1;3;.2366
9;3;2;0;.0593
9;3;2;1;.1571
9;3;2;2;.4836
9;3;2;3;.3
9;3;3;0;.0245
9;3;3;1;.098
9;3;3;2;.5151
9;3;3;3;.3624
9;4;1;0;.2755
9;4;1;1;.0923
9;4;1;2;.3749
9;4;1;3;.2573
9;4;2;0;.1996
9;4;2;1;.0612
9;4;2;2;.4113
9;4;2;3;.3279
9;4;3;0;.0865
9;4;3;1;.0399
9;4;3;2;.4588
9;4;3;3;.4148
9;5;1;0;.1533
9;5;1;1;.2027
9;5;1;2;.3902
9;5;1;3;.2538
9;5;2;0;.1114
9;5;2;1;.1349
9;5;2;2;.4293
9;5;2;3;.3244
9;5;3;0;.047
9;5;3;1;.0859
9;5;3;2;.4669
9;5;3;3;.4002
9;6;1;0;.1651
9;6;1;1;.1148
9;6;1;2;.364
9;6;1;3;.3561
9;6;2;0;.114
9;6;2;1;.0726
9;6;2;2;.3807
9;6;2;3;.4327
9;6;3;0;.0462
9;6;3;1;.0443
9;6;3;2;.3974
9;6;3;3;.5121
9;7;1;0;.1438
9;7;1;1;.1847
9;7;1;2;.3719
9;7;1;3;.2996
9;7;2;0;.1025
9;7;2;1;.1205
9;7;2;2;.4014
9;7;2;3;.3756
9;7;3;0;.0424
9;7;3;1;.0753
9;7;3;2;.4281
9;7;3;3;.4542
9;8;1;0;.1847
9;8;1;1;.1579
9;8;1;2;.3364
9;8;1;3;.321
9;8;2;0;.1316
9;8;2;1;.103
9;8;2;2;.363
9;8;2;3;.4024
9;8;3;0;.0549
9;8;3;1;.0648
9;8;3;2;.39
9;8;3;3;.4903
9;9;1;0;.0786
9;9;1;1;.121
9;9;1;2;.4087
9;9;1;3;.3917
9;9;2;0;.0525
9;9;2;1;.074
9;9;2;2;.4133
9;9;2;3;.4602
9;9;3;0;.0204
9;9;3;1;.0433
9;9;3;2;.4138
9;9;3;3;.5225
9;10;1;0;.0828
9;10;1;1;.119
9;10;1;2;.3828
9;10;1;3;.4154
9;10;2;0;.0551
9;10;2;1;.0725
9;10;2;2;.3859
9;10;2;3;.4865
9;10;3;0;.0214
9;10;3;1;.0423
9;10;3;2;.3854
9;10;3;3;.5509
9;11;1;0;.0148
9;11;1;1;.1575
9;11;1;2;.5153
9;11;1;3;.3124
9;11;2;0;.0099
9;11;2;1;.0969
9;11;2;2;.5241
9;11;2;3;.3691
9;11;3;0;.0038
9;11;3;1;.0566
9;11;3;2;.5224
9;11;3;3;.4172
9;12;1;0;.0105
9;12;1;1;.1594
9;12;1;2;.3898
9;12;1;3;.4403
9;12;2;0;.0069
9;12;2;1;.096
9;12;2;2;.388
9;12;2;3;.5091
9;12;3;0;.0026
9;12;3;1;.0549
9;12;3;2;.3788
9;12;3;3;.5637
9;13;1;0;.0331
9;13;1;1;.0928
9;13;1;2;.4313
9;13;1;3;.4428
9;13;2;0;.0213
9;13;2;1;.0548
9;13;2;2;.4214
9;13;2;3;.5025
9;13;3;0;.008
9;13;3;1;.0311
9;13;3;2;.4085
9;13;3;3;.5524
9;14;1;0;.0216
9;14;1;1;.1181
9;14;1;2;.4625
9;14;1;3;.3978
9;14;2;0;.0141
9;14;2;1;.0707
9;14;2;2;.4578
9;14;2;3;.4574
9;14;3;0;.0054
9;14;3;1;.0403
9;14;3;2;.4474
9;14;3;3;.5069
10;1;1;0;.2291
10;1;1;1;.1007
10;1;1;2;.521
10;1;1;3;.1492
10;1;2;0;.1669
10;1;2;1;.0671
10;1;2;2;.5748
10;1;2;3;.1912
10;1;3;0;.0724
10;1;3;1;.0438
10;1;3;2;.6417
10;1;3;3;.2421
10;2;1;0;.3213
10;2;1;1;.0879
10;2;1;2;.476
10;2;1;3;.1148
10;2;2;0;.2426
10;2;2;1;.0608
10;2;2;2;.5442
10;2;2;3;.1524
10;2;3;0;.1113
10;2;3;1;.042
10;2;3;2;.6426
10;2;3;3;.2041
10;3;1;0;.0823
10;3;1;1;.238
10;3;1;2;.4431
10;3;1;3;.2366
10;3;2;0;.0593
10;3;2;1;.1571
10;3;2;2;.4836
10;3;2;3;.3
10;3;3;0;.0245
10;3;3;1;.098
10;3;3;2;.5151
10;3;3;3;.3624
10;4;1;0;.2755
10;4;1;1;.0923
10;4;1;2;.3749
10;4;1;3;.2573
10;4;2;0;.1996
10;4;2;1;.0612
10;4;2;2;.4113
10;4;2;3;.3279
10;4;3;0;.0865
10;4;3;1;.0399
10;4;3;2;.4588
10;4;3;3;.4148
10;5;1;0;.1533
10;5;1;1;.2027
10;5;1;2;.3902
10;5;1;3;.2538
10;5;2;0;.1114
10;5;2;1;.1349
10;5;2;2;.4293
10;5;2;3;.3244
10;5;3;0;.047
10;5;3;1;.0859
10;5;3;2;.4669
10;5;3;3;.4002
10;6;1;0;.1651
10;6;1;1;.1148
10;6;1;2;.364
10;6;1;3;.3561
10;6;2;0;.114
10;6;2;1;.0726
10;6;2;2;.3807
10;6;2;3;.4327
10;6;3;0;.0462
10;6;3;1;.0443
10;6;3;2;.3974
10;6;3;3;.5121
10;7;1;0;.1438
10;7;1;1;.1847
10;7;1;2;.3719
10;7;1;3;.2996
10;7;2;0;.1025
10;7;2;1;.1205
10;7;2;2;.4014
10;7;2;3;.3756
10;7;3;0;.0424
10;7;3;1;.0753
10;7;3;2;.4281
10;7;3;3;.4542
10;8;1;0;.1847
10;8;1;1;.1579
10;8;1;2;.3364
10;8;1;3;.321
10;8;2;0;.1316
10;8;2;1;.103
10;8;2;2;.363
10;8;2;3;.4024
10;8;3;0;.0549
10;8;3;1;.0648
10;8;3;2;.39
10;8;3;3;.4903
10;9;1;0;.0786
10;9;1;1;.121
10;9;1;2;.4087
10;9;1;3;.3917
10;9;2;0;.0525
10;9;2;1;.074
10;9;2;2;.4133
10;9;2;3;.4602
10;9;3;0;.0204
10;9;3;1;.0433
10;9;3;2;.4138
10;9;3;3;.5225
10;10;1;0;.0828
10;10;1;1;.119
10;10;1;2;.3828
10;10;1;3;.4154
10;10;2;0;.0551
10;10;2;1;.0725
10;10;2;2;.3859
10;10;2;3;.4865
10;10;3;0;.0214
10;10;3;1;.0423
10;10;3;2;.3854
10;10;3;3;.5509
10;11;1;0;.0148
10;11;1;1;.1575
10;11;1;2;.5153
10;11;1;3;.3124
10;11;2;0;.0099
10;11;2;1;.0969
10;11;2;2;.5241
10;11;2;3;.3691
10;11;3;0;.0038
10;11;3;1;.0566
10;11;3;2;.5224
10;11;3;3;.4172
10;12;1;0;.0105
10;12;1;1;.1594
10;12;1;2;.3898
10;12;1;3;.4403
10;12;2;0;.0069
10;12;2;1;.096
10;12;2;2;.388
10;12;2;3;.5091
10;12;3;0;.0026
10;12;3;1;.0549
10;12;3;2;.3788
10;12;3;3;.5637
10;13;1;0;.0331
10;13;1;1;.0928
10;13;1;2;.4313
10;13;1;3;.4428
10;13;2;0;.0213
10;13;2;1;.0548
10;13;2;2;.4214
10;13;2;3;.5025
10;13;3;0;.008
10;13;3;1;.0311
10;13;3;2;.4085
10;13;3;3;.5524
10;14;1;0;.0216
10;14;1;1;.1181
10;14;1;2;.4625
10;14;1;3;.3978
10;14;2;0;.0141
10;14;2;1;.0707
10;14;2;2;.4578
10;14;2;3;.4574
10;14;3;0;.0054
10;14;3;1;.0403
10;14;3;2;.4474
10;14;3;3;.5069
11;1;1;0;.0596
11;1;1;1;.1274
11;1;1;2;.6795
11;1;1;3;.1335
11;1;2;0;.0122
11;1;2;1;.0872
11;1;2;2;.7635
11;1;2;3;.1371
11;1;3;0;.0032
11;1;3;1;.0582
11;1;3;2;.7122
11;1;3;3;.2264
11;2;1;0;.1779
11;2;1;1;.1338
11;2;1;2;.5466
11;2;1;3;.1417
11;2;2;0;.0411
11;2;2;1;.1032
11;2;2;2;.6918
11;2;2;3;.1639
11;2;3;0;.0108
11;2;3;1;.0692
11;2;3;2;.6481
11;2;3;3;.2719
11;3;1;0;.1588
11;3;1;1;.1693
11;3;1;2;.4433
11;3;1;3;.2286
11;3;2;0;.037
11;3;2;1;.1314
11;3;2;2;.5652
11;3;2;3;.2664
11;3;3;0;.0091
11;3;3;1;.0825
11;3;3;2;.4952
11;3;3;3;.4132
11;4;1;0;.0692
11;4;1;1;.1627
11;4;1;2;.4884
11;4;1;3;.2797
11;4;2;0;.0148
11;4;2;1;.1157
11;4;2;2;.5708
11;4;2;3;.2987
11;4;3;0;.0035
11;4;3;1;.0698
11;4;3;2;.481
11;4;3;3;.4457
11;5;1;0;.0964
11;5;1;1;.2189
11;5;1;2;.4311
11;5;1;3;.2536
11;5;2;0;.0216
11;5;2;1;.1639
11;5;2;2;.5297
11;5;2;3;.2848
11;5;3;0;.0052
11;5;3;1;.1014
11;5;3;2;.4577
11;5;3;3;.4357
11;6;1;0;.0126
11;6;1;1;.1287
11;6;1;2;.4292
11;6;1;3;.4295
11;6;2;0;.0025
11;6;2;1;.087
11;6;2;2;.4756
11;6;2;3;.4349
11;6;3;0;.0005
11;6;3;1;.0477
11;6;3;2;.3634
11;6;3;3;.5884
11;7;1;0;.0287
11;7;1;1;.264
11;7;1;2;.3863
11;7;1;3;.321
11;7;2;0;.0062
11;7;2;1;.1902
11;7;2;2;.4567
11;7;2;3;.3469
11;7;3;0;.0014
11;7;3;1;.1127
11;7;3;2;.3778
11;7;3;3;.5081
11;8;1;0;.0025
11;8;1;1;.1572
11;8;1;2;.4184
11;8;1;3;.4219
11;8;2;0;.0005
11;8;2;1;.1063
11;8;2;2;.4648
11;8;2;3;.4284
11;8;3;0;.0001
11;8;3;1;.0586
11;8;3;2;.3577
11;8;3;3;.5836
11;9;1;0;0
11;9;1;1;.1285
11;9;1;2;.4331
11;9;1;3;.4384
11;9;2;0;0
11;9;2;1;.0858
11;9;2;2;.4749
11;9;2;3;.4393
11;9;3;0;0
11;9;3;1;.0468
11;9;3;2;.3613
11;9;3;3;.5919
11;10;1;0;.0838
11;10;1;1;.1817
11;10;1;2;.3552
11;10;1;3;.3793
11;10;2;0;.0185
11;10;2;1;.1336
11;10;2;2;.4291
11;10;2;3;.4188
11;10;3;0;.0041
11;10;3;1;.0753
11;10;3;2;.3375
11;10;3;3;.5831
11;11;1;0;0
11;11;1;1;.1768
11;11;1;2;.3807
11;11;1;3;.4425
11;11;2;0;0
11;11;2;1;.1205
11;11;2;2;.4265
11;11;2;3;.453
11;11;3;0;0
11;11;3;1;.0656
11;11;3;2;.3244
11;11;3;3;.61
11;12;1;0;.0017
11;12;1;1;.2043
11;12;1;2;.3315
11;12;1;3;.4625
11;12;2;0;.0004
11;12;2;1;.1416
11;12;2;2;.3771
11;12;2;3;.4809
11;12;3;0;.0001
11;12;3;1;.0762
11;12;3;2;.2836
11;12;3;3;.6401
11;13;1;0;.099
11;13;1;1;.1531
11;13;1;2;.4453
11;13;1;3;.3026
11;13;2;0;.0217
11;13;2;1;.1119
11;13;2;2;.5345
11;13;2;3;.3319
11;13;3;0;.005
11;13;3;1;.0664
11;13;3;2;.4423
11;13;3;3;.4863
11;14;1;0;0
11;14;1;1;.1241
11;14;1;2;.5348
11;14;1;3;.3411
11;14;2;0;0
11;14;2;1;.0819
11;14;2;2;.58
11;14;2;3;.3381
11;14;3;0;0
11;14;3;1;.0474
11;14;3;2;.4688
11;14;3;3;.4838
12;1;1;0;.2878
12;1;1;1;.1035
12;1;1;2;.524
12;1;1;3;.0847
12;1;2;0;.0911
12;1;2;1;.0775
12;1;2;2;.6986
12;1;2;3;.1328
12;1;3;0;.0333
12;1;3;1;.057
12;1;3;2;.7428
12;1;3;3;.1669
12;2;1;0;.2681
12;2;1;1;.146
12;2;1;2;.4961
12;2;1;3;.0898
12;2;2;0;.0852
12;2;2;1;.1098
12;2;2;2;.6638
12;2;2;3;.1412
12;2;3;0;.0313
12;2;3;1;.081
12;2;3;2;.7093
12;2;3;3;.1784
12;3;1;0;.0455
12;3;1;1;.1847
12;3;1;2;.618
12;3;1;3;.1518
12;3;2;0;.0119
12;3;2;1;.1139
12;3;2;2;.6783
12;3;2;3;.1959
12;3;3;0;.0041
12;3;3;1;.0794
12;3;3;2;.6832
12;3;3;3;.2333
12;4;1;0;.1384
12;4;1;1;.1733
12;4;1;2;.4553
12;4;1;3;.233
12;4;2;0;.0383
12;4;2;1;.1133
12;4;2;2;.5297
12;4;2;3;.3187
12;4;3;0;.0132
12;4;3;1;.0785
12;4;3;2;.5308
12;4;3;3;.3775
12;5;1;0;.2116
12;5;1;1;.2422
12;5;1;2;.3877
12;5;1;3;.1585
12;5;2;0;.0661
12;5;2;1;.179
12;5;2;2;.5099
12;5;2;3;.245
12;5;3;0;.024
12;5;3;1;.1309
12;5;3;2;.539
12;5;3;3;.3061
12;6;1;0;.0438
12;6;1;1;.1754
12;6;1;2;.5118
12;6;1;3;.269
12;6;2;0;.0111
12;6;2;1;.1051
12;6;2;2;.5462
12;6;2;3;.3376
12;6;3;0;.0037
12;6;3;1;.0712
12;6;3;2;.5346
12;6;3;3;.3905
12;7;1;0;.1888
12;7;1;1;.2961
12;7;1;2;.3405
12;7;1;3;.1746
12;7;2;0;.0592
12;7;2;1;.2198
12;7;2;2;.4498
12;7;2;3;.2712
12;7;3;0;.0216
12;7;3;1;.1613
12;7;3;2;.4771
12;7;3;3;.34
12;8;1;0;.0417
12;8;1;1;.2347
12;8;1;2;.458
12;8;1;3;.2656
12;8;2;0;.0109
12;8;2;1;.1446
12;8;2;2;.5021
12;8;2;3;.3424
12;8;3;0;.0037
12;8;3;1;.0989
12;8;3;2;.4969
12;8;3;3;.4005
12;9;1;0;.0299
12;9;1;1;.1871
12;9;1;2;.4985
12;9;1;3;.2845
12;9;2;0;.0075
12;9;2;1;.1113
12;9;2;2;.5274
12;9;2;3;.3538
12;9;3;0;.0025
12;9;3;1;.0752
12;9;3;2;.5144
12;9;3;3;.4079
12;10;1;0;.0276
12;10;1;1;.2924
12;10;1;2;.4115
12;10;1;3;.2685
12;10;2;0;.0073
12;10;2;1;.1828
12;10;2;2;.4583
12;10;2;3;.3516
12;10;3;0;.0025
12;10;3;1;.1261
12;10;3;2;.457
12;10;3;3;.4144
12;11;1;0;.0206
12;11;1;1;.2326
12;11;1;2;.4736
12;11;1;3;.2732
12;11;2;0;.0053
12;11;2;1;.1404
12;11;2;2;.5091
12;11;2;3;.3452
12;11;3;0;.0018
12;11;3;1;.0956
12;11;3;2;.501
12;11;3;3;.4016
12;12;1;0;.0569
12;12;1;1;.2583
12;12;1;2;.4082
12;12;1;3;.2766
12;12;2;0;.0152
12;12;2;1;.1627
12;12;2;2;.4576
12;12;2;3;.3645
12;12;3;0;.0052
12;12;3;1;.1118
12;12;3;2;.4548
12;12;3;3;.4282
12;13;1;0;.0083
12;13;1;1;.1731
12;13;1;2;.5758
12;13;1;3;.2428
12;13;2;0;.002
12;13;2;1;.1013
12;13;2;2;.5995
12;13;2;3;.2972
12;13;3;0;.0007
12;13;3;1;.0686
12;13;3;2;.5869
12;13;3;3;.3438
12;14;1;0;0
12;14;1;1;.252
12;14;1;2;.4407
12;14;1;3;.3073
12;14;2;0;0
12;14;2;1;.15
12;14;2;2;.4671
12;14;2;3;.3829
12;14;3;0;0
12;14;3;1;.1014
12;14;3;2;.4564
12;14;3;3;.4422
13;1;1;0;.113
13;1;1;1;.1703
13;1;1;2;.5482
13;1;1;3;.1685
13;1;2;0;.0183
13;1;2;1;.1004
13;1;2;2;.653
13;1;2;3;.2283
13;1;3;0;.0029
13;1;3;1;.0353
13;1;3;2;.7572
13;1;3;3;.2046
13;2;1;0;.0679
13;2;1;1;.1859
13;2;1;2;.5827
13;2;1;3;.1635
13;2;2;0;.0106
13;2;2;1;.1058
13;2;2;2;.6698
13;2;2;3;.2138
13;2;3;0;.0017
13;2;3;1;.0368
13;2;3;2;.7712
13;2;3;3;.1903
13;3;1;0;.0713
13;3;1;1;.1113
13;3;1;2;.5486
13;3;1;3;.2688
13;3;2;0;.0106
13;3;2;1;.0599
13;3;2;2;.5969
13;3;2;3;.3326
13;3;3;0;.0016
13;3;3;1;.0208
13;3;3;2;.6833
13;3;3;3;.2943
13;4;1;0;.019
13;4;1;1;.2668
13;4;1;2;.4427
13;4;1;3;.2715
13;4;2;0;.0029
13;4;2;1;.1489
13;4;2;2;.4996
13;4;2;3;.3486
13;4;3;0;.0005
13;4;3;1;.0553
13;4;3;2;.6134
13;4;3;3;.3308
13;5;1;0;.0593
13;5;1;1;.2624
13;5;1;2;.3998
13;5;1;3;.2785
13;5;2;0;.0095
13;5;2;1;.1519
13;5;2;2;.4679
13;5;2;3;.3707
13;5;3;0;.0016
13;5;3;1;.0574
13;5;3;2;.5836
13;5;3;3;.3574
13;6;1;0;.0206
13;6;1;1;.2904
13;6;1;2;.364
13;6;1;3;.325
13;6;2;0;.0032
13;6;2;1;.1632
13;6;2;2;.4135
13;6;2;3;.4201
13;6;3;0;.0006
13;6;3;1;.0626
13;6;3;2;.5248
13;6;3;3;.412
13;7;1;0;.0532
13;7;1;1;.3454
13;7;1;2;.3346
13;7;1;3;.2668
13;7;2;0;.0089
13;7;2;1;.2094
13;7;2;2;.4099
13;7;2;3;.3718
13;7;3;0;.0016
13;7;3;1;.0832
13;7;3;2;.538
13;7;3;3;.3772
13;8;1;0;.1526
13;8;1;1;.254
13;8;1;2;.2926
13;8;1;3;.3008
13;8;2;0;.0266
13;8;2;1;.1608
13;8;2;2;.3745
13;8;2;3;.4381
13;8;3;0;.0047
13;8;3;1;.0636
13;8;3;2;.4893
13;8;3;3;.4424
13;9;1;0;.0008
13;9;1;1;.2205
13;9;1;2;.327
13;9;1;3;.4517
13;9;2;0;.0001
13;9;2;1;.1148
13;9;2;2;.3442
13;9;2;3;.5409
13;9;3;0;0
13;9;3;1;.0436
13;9;3;2;.4318
13;9;3;3;.5246
13;10;1;0;.053
13;10;1;1;.345
13;10;1;2;.2935
13;10;1;3;.3085
13;10;2;0;.0088
13;10;2;1;.2075
13;10;2;2;.357
13;10;2;3;.4267
13;10;3;0;.0016
13;10;3;1;.0837
13;10;3;2;.4754
13;10;3;3;.4393
13;11;1;0;.0841
13;11;1;1;.2257
13;11;1;2;.3081
13;11;1;3;.3821
13;11;2;0;.0132
13;11;2;1;.129
13;11;2;2;.3558
13;11;2;3;.502
13;11;3;0;.0023
13;11;3;1;.0498
13;11;3;2;.4534
13;11;3;3;.4945
13;12;1;0;.0351
13;12;1;1;.2735
13;12;1;2;.3106
13;12;1;3;.3808
13;12;2;0;.0054
13;12;2;1;.153
13;12;2;2;.3514
13;12;2;3;.4902
13;12;3;0;.0009
13;12;3;1;.0597
13;12;3;2;.452
13;12;3;3;.4874
13;13;1;0;.0023
13;13;1;1;.1927
13;13;1;2;.313
13;13;1;3;.492
13;13;2;0;.0003
13;13;2;1;.0985
13;13;2;2;.3232
13;13;2;3;.578
13;13;3;0;.0001
13;13;3;1;.0372
13;13;3;2;.4041
13;13;3;3;.5586
13;14;1;0;0
13;14;1;1;.1232
13;14;1;2;.385
13;14;1;3;.4918
13;14;2;0;0
13;14;2;1;.0606
13;14;2;2;.3829
13;14;2;3;.5565
13;14;3;0;0
13;14;3;1;.022
13;14;3;2;.4606
13;14;3;3;.5174
14;1;1;0;.005
14;1;1;1;.0792
14;1;1;2;.72
14;1;1;3;.1958
14;1;2;0;.0021
14;1;2;1;.0624
14;1;2;2;.689
14;1;2;3;.2465
14;1;3;0;.001
14;1;3;1;.0672
14;1;3;2;.6344
14;1;3;3;.2974
14;2;1;0;.0102
14;2;1;1;.0649
14;2;1;2;.7235
14;2;1;3;.2014
14;2;2;0;.0042
14;2;2;1;.0512
14;2;2;2;.6914
14;2;2;3;.2532
14;2;3;0;.002
14;2;3;1;.0551
14;2;3;2;.6372
14;2;3;3;.3057
14;3;1;0;.0068
14;3;1;1;.085
14;3;1;2;.6708
14;3;1;3;.2374
14;3;2;0;.0028
14;3;2;1;.0663
14;3;2;2;.6352
14;3;2;3;.2957
14;3;3;0;.0013
14;3;3;1;.0702
14;3;3;2;.5767
14;3;3;3;.3518
14;4;1;0;.0068
14;4;1;1;.0882
14;4;1;2;.5918
14;4;1;3;.3132
14;4;2;0;.0027
14;4;2;1;.0674
14;4;2;2;.5482
14;4;2;3;.3817
14;4;3;0;.0013
14;4;3;1;.0696
14;4;3;2;.4859
14;4;3;3;.4432
14;5;1;0;.0105
14;5;1;1;.1704
14;5;1;2;.5469
14;5;1;3;.2722
14;5;2;0;.0043
14;5;2;1;.1337
14;5;2;2;.5209
14;5;2;3;.3411
14;5;3;0;.002
14;5;3;1;.1387
14;5;3;2;.4625
14;5;3;3;.3968
14;6;1;0;.0071
14;6;1;1;.1171
14;6;1;2;.5346
14;6;1;3;.3412
14;6;2;0;.0028
14;6;2;1;.0891
14;6;2;2;.4936
14;6;2;3;.4145
14;6;3;0;.0013
14;6;3;1;.0912
14;6;3;2;.4321
14;6;3;3;.4754
14;7;1;0;.0218
14;7;1;1;.2258
14;7;1;2;.4821
14;7;1;3;.2703
14;7;2;0;.0092
14;7;2;1;.18
14;7;2;2;.4666
14;7;2;3;.3442
14;7;3;0;.0043
14;7;3;1;.1855
14;7;3;2;.412
14;7;3;3;.3982
14;8;1;0;.0282
14;8;1;1;.1848
14;8;1;2;.4844
14;8;1;3;.3026
14;8;2;0;.0117
14;8;2;1;.1455
14;8;2;2;.4626
14;8;2;3;.3802
14;8;3;0;.0054
14;8;3;1;.1494
14;8;3;2;.407
14;8;3;3;.4382
14;9;1;0;.0012
14;9;1;1;.0832
14;9;1;2;.4754
14;9;1;3;.4402
14;9;2;0;.0005
14;9;2;1;.0609
14;9;2;2;.4231
14;9;2;3;.5155
14;9;3;0;.0002
14;9;3;1;.0608
14;9;3;2;.3617
14;9;3;3;.5773
14;10;1;0;.0023
14;10;1;1;.2247
14;10;1;2;.4179
14;10;1;3;.3551
14;10;2;0;.0009
14;10;2;1;.1728
14;10;2;2;.3901
14;10;2;3;.4362
14;10;3;0;.0004
14;10;3;1;.1733
14;10;3;2;.3352
14;10;3;3;.4911
14;11;1;0;0
14;11;1;1;.1152
14;11;1;2;.4975
14;11;1;3;.3873
14;11;2;0;0
14;11;2;1;.086
14;11;2;2;.4515
14;11;2;3;.4625
14;11;3;0;0
14;11;3;1;.0868
14;11;3;2;.3899
14;11;3;3;.5233
14;12;1;0;.0064
14;12;1;1;.1657
14;12;1;2;.4145
14;12;1;3;.4134
14;12;2;0;.0025
14;12;2;1;.1243
14;12;2;2;.3776
14;12;2;3;.4956
14;12;3;0;.0011
14;12;3;1;.1238
14;12;3;2;.3218
14;12;3;3;.5533
14;13;1;0;0
14;13;1;1;.0911
14;13;1;2;.4259
14;13;1;3;.483
14;13;2;0;0
14;13;2;1;.066
14;13;2;2;.3748
14;13;2;3;.5592
14;13;3;0;0
14;13;3;1;.0651
14;13;3;2;.3164
14;13;3;3;.6185
14;14;1;0;0
14;14;1;1;.1472
14;14;1;2;.403
14;14;1;3;.4498
14;14;2;0;0
14;14;2;1;.1086
14;14;2;2;.3611
14;14;2;3;.5303
14;14;3;0;0
14;14;3;1;.1072
14;14;3;2;.3054
14;14;3;3;.5874
15;1;1;0;.0598
15;1;1;1;.1861
15;1;1;2;.5577
15;1;1;3;.1964
15;1;2;0;.023
15;1;2;1;.1075
15;1;2;2;.5868
15;1;2;3;.2827
15;1;3;0;.0046
15;1;3;1;.092
15;1;3;2;.5835
15;1;3;3;.3199
15;2;1;0;.0708
15;2;1;1;.1751
15;2;1;2;.552
15;2;1;3;.2021
15;2;2;0;.0273
15;2;2;1;.1011
15;2;2;2;.5807
15;2;2;3;.2909
15;2;3;0;.0054
15;2;3;1;.0868
15;2;3;2;.5782
15;2;3;3;.3296
15;3;1;0;.082
15;3;1;1;.1646
15;3;1;2;.4907
15;3;1;3;.2627
15;3;2;0;.031
15;3;2;1;.0931
15;3;2;2;.5056
15;3;2;3;.3703
15;3;3;0;.0061
15;3;3;1;.0792
15;3;3;2;.4989
15;3;3;3;.4158
15;4;1;0;.0519
15;4;1;1;.1529
15;4;1;2;.4637
15;4;1;3;.3315
15;4;2;0;.0186
15;4;2;1;.0823
15;4;2;2;.4545
15;4;2;3;.4446
15;4;3;0;.0036
15;4;3;1;.0684
15;4;3;2;.4392
15;4;3;3;.4888
15;5;1;0;.0595
15;5;1;1;.2602
15;5;1;2;.4033
15;5;1;3;.277
15;5;2;0;.023
15;5;2;1;.1508
15;5;2;2;.4259
15;5;2;3;.4003
15;5;3;0;.0045
15;5;3;1;.1279
15;5;3;2;.4193
15;5;3;3;.4483
15;6;1;0;.02
15;6;1;1;.1868
15;6;1;2;.4324
15;6;1;3;.3608
15;6;2;0;.0071
15;6;2;1;.0989
15;6;2;2;.4174
15;6;2;3;.4766
15;6;3;0;.0014
15;6;3;1;.0814
15;6;3;2;.3989
15;6;3;3;.5183
15;7;1;0;.0512
15;7;1;1;.3123
15;7;1;2;.3413
15;7;1;3;.2952
15;7;2;0;.0201
15;7;2;1;.1831
15;7;2;2;.3649
15;7;2;3;.4319
15;7;3;0;.0039
15;7;3;1;.155
15;7;3;2;.3584
15;7;3;3;.4827
15;8;1;0;.0131
15;8;1;1;.23
15;8;1;2;.3524
15;8;1;3;.4045
15;8;2;0;.0046
15;8;2;1;.1217
15;8;2;2;.3399
15;8;2;3;.5338
15;8;3;0;.0009
15;8;3;1;.0996
15;8;3;2;.3227
15;8;3;3;.5768
15;9;1;0;.0102
15;9;1;1;.1197
15;9;1;2;.3893
15;9;1;3;.4808
15;9;2;0;.0033
15;9;2;1;.0588
15;9;2;2;.3487
15;9;2;3;.5892
15;9;3;0;.0006
15;9;3;1;.0474
15;9;3;2;.3257
15;9;3;3;.6263
15;10;1;0;.0227
15;10;1;1;.296
15;10;1;2;.3058
15;10;1;3;.3755
15;10;2;0;.0084
15;10;2;1;.164
15;10;2;2;.3088
15;10;2;3;.5188
15;10;3;0;.0016
15;10;3;1;.1356
15;10;3;2;.2963
15;10;3;3;.5665
15;11;1;0;.0054
15;11;1;1;.24
15;11;1;2;.3657
15;11;1;3;.3889
15;11;2;0;.0019
15;11;2;1;.1277
15;11;2;2;.3545
15;11;2;3;.5159
15;11;3;0;.0004
15;11;3;1;.1046
15;11;3;2;.337
15;11;3;3;.558
15;12;1;0;.0026
15;12;1;1;.2593
15;12;1;2;.3419
15;12;1;3;.3962
15;12;2;0;.0009
15;12;2;1;.1385
15;12;2;2;.3329
15;12;2;3;.5277
15;12;3;0;.0002
15;12;3;1;.1134
15;12;3;2;.3161
15;12;3;3;.5703
15;13;1;0;.0066
15;13;1;1;.1488
15;13;1;2;.3836
15;13;1;3;.461
15;13;2;0;.0022
15;13;2;1;.0743
15;13;2;2;.3492
15;13;2;3;.5743
15;13;3;0;.0004
15;13;3;1;.0601
15;13;3;2;.3272
15;13;3;3;.6123
15;14;1;0;.0261
15;14;1;1;.1434
15;14;1;2;.4235
15;14;1;3;.407
15;14;2;0;.0089
15;14;2;1;.0736
15;14;2;2;.3963
15;14;2;3;.5212
15;14;3;0;.0017
15;14;3;1;.0601
15;14;3;2;.3758
15;14;3;3;.5624
16;1;1;0;.1262
16;1;1;1;.0809
16;1;1;2;.6222
16;1;1;3;.1707
16;1;2;0;.0492
16;1;2;1;.0656
16;1;2;2;.6575
16;1;2;3;.2277
16;1;3;0;.0098
16;1;3;1;.0644
16;1;3;2;.6683
16;1;3;3;.2575
16;2;1;0;.1621
16;2;1;1;.0842
16;2;1;2;.5915
16;2;1;3;.1622
16;2;2;0;.065
16;2;2;1;.0702
16;2;2;2;.6425
16;2;2;3;.2223
16;2;3;0;.0131
16;2;3;1;.0699
16;2;3;2;.6621
16;2;3;3;.2549
16;3;1;0;.0549
16;3;1;1;.087
16;3;1;2;.6554
16;3;1;3;.2027
16;3;2;0;.0203
16;3;2;1;.0668
16;3;2;2;.6566
16;3;2;3;.2563
16;3;3;0;.0039
16;3;3;1;.0639
16;3;3;2;.6499
16;3;3;3;.2823
16;4;1;0;.068
16;4;1;1;.1311
16;4;1;2;.4647
16;4;1;3;.3362
16;4;2;0;.0247
16;4;2;1;.0992
16;4;2;2;.4579
16;4;2;3;.4182
16;4;3;0;.0047
16;4;3;1;.0935
16;4;3;2;.4473
16;4;3;3;.4545
16;5;1;0;.0437
16;5;1;1;.1457
16;5;1;2;.537
16;5;1;3;.2736
16;5;2;0;.016
16;5;2;1;.1107
16;5;2;2;.5315
16;5;2;3;.3418
16;5;3;0;.0031
16;5;3;1;.1045
16;5;3;2;.5202
16;5;3;3;.3722
16;6;1;0;.008
16;6;1;1;.1209
16;6;1;2;.519
16;6;1;3;.3521
16;6;2;0;.0028
16;6;2;1;.0876
16;6;2;2;.49
16;6;2;3;.4196
16;6;3;0;.0005
16;6;3;1;.0812
16;6;3;2;.4703
16;6;3;3;.448
16;7;1;0;.0685
16;7;1;1;.2042
16;7;1;2;.4274
16;7;1;3;.2999
16;7;2;0;.0256
16;7;2;1;.1586
16;7;2;2;.4326
16;7;2;3;.3832
16;7;3;0;.0049
16;7;3;1;.1506
16;7;3;2;.4253
16;7;3;3;.4192
16;8;1;0;.047
16;8;1;1;.1446
16;8;1;2;.4438
16;8;1;3;.3646
16;8;2;0;.0168
16;8;2;1;.1075
16;8;2;2;.4299
16;8;2;3;.4458
16;8;3;0;.0032
16;8;3;1;.1004
16;8;3;2;.4162
16;8;3;3;.4802
16;9;1;0;.0088
16;9;1;1;.1123
16;9;1;2;.3952
16;9;1;3;.4837
16;9;2;0;.003
16;9;2;1;.0787
16;9;2;2;.3608
16;9;2;3;.5575
16;9;3;0;.0005
16;9;3;1;.0719
16;9;3;2;.3412
16;9;3;3;.5864
16;10;1;0;.0321
16;10;1;1;.2092
16;10;1;2;.3942
16;10;1;3;.3645
16;10;2;0;.0116
16;10;2;1;.1564
16;10;2;2;.3839
16;10;2;3;.4481
16;10;3;0;.0022
16;10;3;1;.1458
16;10;3;2;.3706
16;10;3;3;.4814
16;11;1;0;.0198
16;11;1;1;.1403
16;11;1;2;.4306
16;11;1;3;.4093
16;11;2;0;.0069
16;11;2;1;.1013
16;11;2;2;.4054
16;11;2;3;.4864
16;11;3;0;.0013
16;11;3;1;.0936
16;11;3;2;.3876
16;11;3;3;.5175
16;12;1;0;.0048
16;12;1;1;.2091
16;12;1;2;.407
16;12;1;3;.3791
16;12;2;0;.0017
16;12;2;1;.1532
16;12;2;2;.3885
16;12;2;3;.4566
16;12;3;0;.0003
16;12;3;1;.1416
16;12;3;2;.3718
16;12;3;3;.4863
16;13;1;0;.0079
16;13;1;1;.0908
16;13;1;2;.4009
16;13;1;3;.5004
16;13;2;0;.0026
16;13;2;1;.0632
16;13;2;2;.3627
16;13;2;3;.5715
16;13;3;0;.0005
16;13;3;1;.0574
16;13;3;2;.3422
16;13;3;3;.5999
16;14;1;0;.0066
16;14;1;1;.1146
16;14;1;2;.4373
16;14;1;3;.4415
16;14;2;0;.0022
16;14;2;1;.0811
16;14;2;2;.4031
16;14;2;3;.5136
16;14;3;0;.0004
16;14;3;1;.0744
16;14;3;2;.3827
16;14;3;3;.5425
17;1;1;0;.2291
17;1;1;1;.1007
17;1;1;2;.521
17;1;1;3;.1492
17;1;2;0;.1669
17;1;2;1;.0671
17;1;2;2;.5748
17;1;2;3;.1912
17;1;3;0;.0724
17;1;3;1;.0438
17;1;3;2;.6417
17;1;3;3;.2421
17;2;1;0;.3213
17;2;1;1;.0879
17;2;1;2;.476
17;2;1;3;.1148
17;2;2;0;.2426
17;2;2;1;.0608
17;2;2;2;.5442
17;2;2;3;.1524
17;2;3;0;.1113
17;2;3;1;.042
17;2;3;2;.6426
17;2;3;3;.2041
17;3;1;0;.0823
17;3;1;1;.238
17;3;1;2;.4431
17;3;1;3;.2366
17;3;2;0;.0593
17;3;2;1;.1571
17;3;2;2;.4836
17;3;2;3;.3
17;3;3;0;.0245
17;3;3;1;.098
17;3;3;2;.5151
17;3;3;3;.3624
17;4;1;0;.2755
17;4;1;1;.0923
17;4;1;2;.3749
17;4;1;3;.2573
17;4;2;0;.1996
17;4;2;1;.0612
17;4;2;2;.4113
17;4;2;3;.3279
17;4;3;0;.0865
17;4;3;1;.0399
17;4;3;2;.4588
17;4;3;3;.4148
17;5;1;0;.1533
17;5;1;1;.2027
17;5;1;2;.3902
17;5;1;3;.2538
17;5;2;0;.1114
17;5;2;1;.1349
17;5;2;2;.4293
17;5;2;3;.3244
17;5;3;0;.047
17;5;3;1;.0859
17;5;3;2;.4669
17;5;3;3;.4002
17;6;1;0;.1651
17;6;1;1;.1148
17;6;1;2;.364
17;6;1;3;.3561
17;6;2;0;.114
17;6;2;1;.0726
17;6;2;2;.3807
17;6;2;3;.4327
17;6;3;0;.0462
17;6;3;1;.0443
17;6;3;2;.3974
17;6;3;3;.5121
17;7;1;0;.1438
17;7;1;1;.1847
17;7;1;2;.3719
17;7;1;3;.2996
17;7;2;0;.1025
17;7;2;1;.1205
17;7;2;2;.4014
17;7;2;3;.3756
17;7;3;0;.0424
17;7;3;1;.0753
17;7;3;2;.4281
17;7;3;3;.4542
17;8;1;0;.1847
17;8;1;1;.1579
17;8;1;2;.3364
17;8;1;3;.321
17;8;2;0;.1316
17;8;2;1;.103
17;8;2;2;.363
17;8;2;3;.4024
17;8;3;0;.0549
17;8;3;1;.0648
17;8;3;2;.39
17;8;3;3;.4903
17;9;1;0;.0786
17;9;1;1;.121
17;9;1;2;.4087
17;9;1;3;.3917
17;9;2;0;.0525
17;9;2;1;.074
17;9;2;2;.4133
17;9;2;3;.4602
17;9;3;0;.0204
17;9;3;1;.0433
17;9;3;2;.4138
17;9;3;3;.5225
17;10;1;0;.0828
17;10;1;1;.119
17;10;1;2;.3828
17;10;1;3;.4154
17;10;2;0;.0551
17;10;2;1;.0725
17;10;2;2;.3859
17;10;2;3;.4865
17;10;3;0;.0214
17;10;3;1;.0423
17;10;3;2;.3854
17;10;3;3;.5509
17;11;1;0;.0148
17;11;1;1;.1575
17;11;1;2;.5153
17;11;1;3;.3124
17;11;2;0;.0099
17;11;2;1;.0969
17;11;2;2;.5241
17;11;2;3;.3691
17;11;3;0;.0038
17;11;3;1;.0566
17;11;3;2;.5224
17;11;3;3;.4172
17;12;1;0;.0105
17;12;1;1;.1594
17;12;1;2;.3898
17;12;1;3;.4403
17;12;2;0;.0069
17;12;2;1;.096
17;12;2;2;.388
17;12;2;3;.5091
17;12;3;0;.0026
17;12;3;1;.0549
17;12;3;2;.3788
17;12;3;3;.5637
17;13;1;0;.0331
17;13;1;1;.0928
17;13;1;2;.4313
17;13;1;3;.4428
17;13;2;0;.0213
17;13;2;1;.0548
17;13;2;2;.4214
17;13;2;3;.5025
17;13;3;0;.008
17;13;3;1;.0311
17;13;3;2;.4085
17;13;3;3;.5524
17;14;1;0;.0216
17;14;1;1;.1181
17;14;1;2;.4625
17;14;1;3;.3978
17;14;2;0;.0141
17;14;2;1;.0707
17;14;2;2;.4578
17;14;2;3;.4574
17;14;3;0;.0054
17;14;3;1;.0403
17;14;3;2;.4474
17;14;3;3;.5069
18;1;1;0;.2291
18;1;1;1;.1007
18;1;1;2;.521
18;1;1;3;.1492
18;1;2;0;.1669
18;1;2;1;.0671
18;1;2;2;.5748
18;1;2;3;.1912
18;1;3;0;.0724
18;1;3;1;.0438
18;1;3;2;.6417
18;1;3;3;.2421
18;2;1;0;.3213
18;2;1;1;.0879
18;2;1;2;.476
18;2;1;3;.1148
18;2;2;0;.2426
18;2;2;1;.0608
18;2;2;2;.5442
18;2;2;3;.1524
18;2;3;0;.1113
18;2;3;1;.042
18;2;3;2;.6426
18;2;3;3;.2041
18;3;1;0;.0823
18;3;1;1;.238
18;3;1;2;.4431
18;3;1;3;.2366
18;3;2;0;.0593
18;3;2;1;.1571
18;3;2;2;.4836
18;3;2;3;.3
18;3;3;0;.0245
18;3;3;1;.098
18;3;3;2;.5151
18;3;3;3;.3624
18;4;1;0;.2755
18;4;1;1;.0923
18;4;1;2;.3749
18;4;1;3;.2573
18;4;2;0;.1996
18;4;2;1;.0612
18;4;2;2;.4113
18;4;2;3;.3279
18;4;3;0;.0865
18;4;3;1;.0399
18;4;3;2;.4588
18;4;3;3;.4148
18;5;1;0;.1533
18;5;1;1;.2027
18;5;1;2;.3902
18;5;1;3;.2538
18;5;2;0;.1114
18;5;2;1;.1349
18;5;2;2;.4293
18;5;2;3;.3244
18;5;3;0;.047
18;5;3;1;.0859
18;5;3;2;.4669
18;5;3;3;.4002
18;6;1;0;.1651
18;6;1;1;.1148
18;6;1;2;.364
18;6;1;3;.3561
18;6;2;0;.114
18;6;2;1;.0726
18;6;2;2;.3807
18;6;2;3;.4327
18;6;3;0;.0462
18;6;3;1;.0443
18;6;3;2;.3974
18;6;3;3;.5121
18;7;1;0;.1438
18;7;1;1;.1847
18;7;1;2;.3719
18;7;1;3;.2996
18;7;2;0;.1025
18;7;2;1;.1205
18;7;2;2;.4014
18;7;2;3;.3756
18;7;3;0;.0424
18;7;3;1;.0753
18;7;3;2;.4281
18;7;3;3;.4542
18;8;1;0;.1847
18;8;1;1;.1579
18;8;1;2;.3364
18;8;1;3;.321
18;8;2;0;.1316
18;8;2;1;.103
18;8;2;2;.363
18;8;2;3;.4024
18;8;3;0;.0549
18;8;3;1;.0648
18;8;3;2;.39
18;8;3;3;.4903
18;9;1;0;.0786
18;9;1;1;.121
18;9;1;2;.4087
18;9;1;3;.3917
18;9;2;0;.0525
18;9;2;1;.074
18;9;2;2;.4133
18;9;2;3;.4602
18;9;3;0;.0204
18;9;3;1;.0433
18;9;3;2;.4138
18;9;3;3;.5225
18;10;1;0;.0828
18;10;1;1;.119
18;10;1;2;.3828
18;10;1;3;.4154
18;10;2;0;.0551
18;10;2;1;.0725
18;10;2;2;.3859
18;10;2;3;.4865
18;10;3;0;.0214
18;10;3;1;.0423
18;10;3;2;.3854
18;10;3;3;.5509
18;11;1;0;.0148
18;11;1;1;.1575
18;11;1;2;.5153
18;11;1;3;.3124
18;11;2;0;.0099
18;11;2;1;.0969
18;11;2;2;.5241
18;11;2;3;.3691
18;11;3;0;.0038
18;11;3;1;.0566
18;11;3;2;.5224
18;11;3;3;.4172
18;12;1;0;.0105
18;12;1;1;.1594
18;12;1;2;.3898
18;12;1;3;.4403
18;12;2;0;.0069
18;12;2;1;.096
18;12;2;2;.388
18;12;2;3;.5091
18;12;3;0;.0026
18;12;3;1;.0549
18;12;3;2;.3788
18;12;3;3;.5637
18;13;1;0;.0331
18;13;1;1;.0928
18;13;1;2;.4313
18;13;1;3;.4428
18;13;2;0;.0213
18;13;2;1;.0548
18;13;2;2;.4214
18;13;2;3;.5025
18;13;3;0;.008
18;13;3;1;.0311
18;13;3;2;.4085
18;13;3;3;.5524
18;14;1;0;.0216
18;14;1;1;.1181
18;14;1;2;.4625
18;14;1;3;.3978
18;14;2;0;.0141
18;14;2;1;.0707
18;14;2;2;.4578
18;14;2;3;.4574
18;14;3;0;.0054
18;14;3;1;.0403
18;14;3;2;.4474
18;14;3;3;.5069
